ed,cd
23001,32
23002,32
23006,32
23008,32
23009,32
23010,32
23015,32
23020,32
23025,31
23026,31
23028,31
23029,31
23030,31
23031,31
23032,31
23033,31
23034,31
23035,31
23036,31
23037,31
23038,31
23040,32
23041,32
23042,31
23043,32
23044,32
23045,32
23046,32
23047,32
23048,32
23049,32
23050,32
23051,32
23052,32
23053,32
23055,32
23056,32
23057,32
23058,32
23059,32
23060,32
23061,32
23062,32
23063,32
23064,32
23065,32
23066,32
23067,32
23068,32
23069,32
23071,31
23073,31
23074,32
23077,31
23078,31
23079,31
23081,31
23082,31
23084,32
23085,32
23087,32
23088,31
23089,32
23090,32
23091,28
23093,32
24001,23
24002,23
24003,23
24004,23
24005,23
24006,23
24007,23
24010,23
24011,23
24012,23
24013,23
24014,23
24015,23
24016,23
24017,23
24018,23
24019,23
24020,23
24021,23
24022,23
24023,23
24024,23
24025,23
24026,29
24027,23
24028,23
24029,23
24030,23
24031,23
24032,23
24033,24
24034,24
24035,24
24036,24
24037,24
24038,24
24039,24
24040,24
24041,24
24042,24
24043,24
24044,24
24045,24
24046,24
24047,24
24048,24
24049,24
24050,24
24051,24
24052,24
24053,24
24054,24
24055,24
24056,24
24057,27
24058,24
24060,24
24061,23
24062,24
24063,28
24064,29
24065,29
24066,29
24067,24
24068,29
24069,29
24070,29
24071,29
24072,29
24073,29
24074,28
24075,28
24076,29
24077,28
24078,24
24079,29
24081,24
24082,29
24083,23
24084,23
24085,24
24086,24
24087,29
24088,29
24089,23
24090,24
24091,23
25001,24
25002,24
25003,24
25004,24
25005,24
25006,24
25007,24
25008,24
25009,24
25010,24
25011,24
25012,24
25013,24
25014,24
25015,24
25016,23
25017,23
25018,23
25019,23
25020,23
25021,23
25022,23
25023,23
25024,23
25025,23
25026,23
25027,23
25028,23
25029,23
25030,19
25031,19
25032,19
25033,19
25034,19
25035,20
25036,20
25037,20
25038,20
25039,20
25040,20
25041,20
25042,20
25043,20
25044,20
25045,20
25046,20
25047,20
25048,20
25049,20
25051,20
25055,20
25056,20
25057,20
25058,23
25059,24
25060,24
25061,24
25062,24
25063,20
25065,23
25066,23
25067,23
25068,20
25069,24
25070,24
25071,23
25072,23
25073,20
25074,20
25075,23
25076,24
25077,23
25078,19
25079,20
26001,19
26002,19
26003,19
26004,19
26005,19
26006,19
26007,19
26008,19
26009,19
26010,19
26011,19
26012,19
26013,19
26014,19
26015,19
26016,19
26017,19
26018,19
26019,19
26020,19
26021,19
26022,19
26023,19
26024,19
26025,19
26026,19
26027,19
26028,19
26029,19
26031,19
26033,19
26034,19
26035,19
26036,20
26037,19
26038,19
26039,19
26040,23
26041,19
26042,23
26043,23
26044,23
26045,23
26046,23
26047,23
26048,23
26049,23
26050,19
26051,19
26052,19
26053,19
26054,19
26055,19
26056,19
26057,19
26058,19
26059,19
26060,19
26061,19
26062,19
26063,19
26064,19
26065,19
26066,19
26067,19
26068,19
26069,19
26070,19
26071,23
26072,23
26073,23
26074,23
26075,23
26076,23
26078,23
26079,19
26080,19
26081,19
26082,19
26083,19
26084,23
26085,19
27001,24
27002,29
27003,29
27004,29
27005,29
27007,29
27009,29
27010,24
27011,24
27012,24
27014,24
27016,24
27018,29
27019,29
27020,29
27022,29
27023,19
27025,24
27026,24
27027,24
27028,24
27029,24
27030,24
27031,24
27032,24
27033,24
27034,24
27035,24
27036,24
27037,24
27038,24
27039,24
27040,24
27041,24
27042,24
27043,24
27044,24
27046,29
27047,24
27048,29
27049,29
27050,29
27051,19
27052,24
27053,24
27056,24
27057,19
27059,19
27060,19
27061,19
27062,19
27063,19
27064,19
27065,19
27066,19
27067,19
27068,19
27069,29
27070,29
27072,24
27073,21
27075,21
27078,19
27079,24
27080,24
27081,19
27082,29
27083,29
27084,24
27085,24
27086,29
27087,19
27088,29
27089,24
28001,29
28002,29
28003,29
28004,29
28005,29
28006,30
28007,29
28008,29
28009,29
28010,29
28011,29
28012,29
28013,29
28014,30
28016,32
28017,32
28018,29
28019,29
28020,29
28021,29
28022,29
28023,29
28024,29
28025,29
28026,29
28027,29
28028,29
28029,29
28030,29
28031,29
28032,29
28033,29
28034,29
28035,29
28036,29
28037,29
28038,29
28039,29
28040,29
28041,29
28042,30
28043,29
28044,29
28045,29
28046,29
28047,29
28048,29
28049,29
28050,29
28051,30
28052,29
28053,29
28054,24
28055,29
28056,30
28057,30
28058,30
28059,24
28060,30
28061,30
28062,30
28063,30
28064,30
28065,29
28066,29
28067,29
28068,29
28069,29
28070,32
28071,32
28072,30
28073,30
28074,30
28075,30
28076,30
28078,30
28079,32
28080,29
28081,29
28082,32
28083,30
28084,29
28085,29
28086,30
28087,29
28088,29
28089,30
29001,24
29002,27
29003,27
29004,27
29005,27
29006,24
29007,24
29008,24
29009,23
29010,23
29011,23
29012,27
29013,23
29014,27
29015,27
29016,27
29017,27
29018,27
29019,27
29020,27
29022,27
29023,27
29024,27
29025,27
29026,27
29027,27
29028,27
29029,27
29030,27
29031,27
29032,27
29033,27
29034,27
29035,28
29036,23
29037,23
29038,23
29039,23
29041,31
29042,31
29043,31
29044,31
29045,31
29046,31
29047,31
29048,31
29049,31
29050,31
29051,31
29052,31
29053,31
29054,31
29055,31
29056,31
29057,31
29058,31
29059,31
29060,31
29061,31
29062,31
29063,31
29064,31
29065,31
29070,27
29071,31
29072,27
29073,27
29074,27
29075,27
29076,23
29077,31
29078,31
29079,31
30001,30
30002,30
30003,30
30004,30
30005,30
30006,30
30007,30
30008,30
30009,30
30010,30
30012,30
30014,30
30016,30
30017,30
30018,30
30019,26
30020,30
30021,30
30022,30
30023,30
30025,30
30026,30
30028,30
30029,26
30030,30
30031,30
30032,30
30033,30
30034,30
30035,22
30036,26
30038,26
30039,26
30040,26
30041,26
30042,26
30043,26
30044,26
30045,26
30046,26
30047,26
30048,26
30049,26
30051,26
30052,26
30053,26
30054,26
30055,26
30056,22
30057,26
30058,26
30059,26
30060,22
30061,22
30063,22
30064,22
30065,26
30066,22
30067,26
30068,26
30069,22
30071,26
30072,26
30075,26
30076,26
30077,26
30078,22
30079,26
30080,26
30081,26
30082,22
31001,28
31003,28
31004,28
31005,28
31006,28
31007,28
31008,28
31009,28
31010,28
31011,28
31012,28
31013,28
31014,28
31015,28
31016,28
31017,28
31018,28
31021,31
31022,28
31023,28
31024,28
31025,28
31026,28
31027,28
31028,28
31029,31
31030,32
31031,32
31032,31
31033,31
31034,31
31036,31
31038,31
31039,31
31040,31
31041,31
31042,31
31043,31
31044,31
31045,31
31046,31
31047,31
31048,31
31049,31
31050,31
31051,31
31052,31
31053,31
31054,31
31055,31
31056,31
31057,31
31058,31
31059,31
31060,31
31061,31
31062,31
31063,31
31064,31
31065,31
31066,28
31067,31
31068,31
31069,31
31070,31
31071,32
31072,31
31073,31
31076,31
31077,28
31078,28
31079,31
31081,28
31082,28
31083,31
31084,31
31085,31
31086,31
32001,24
32002,24
32003,27
32004,27
32005,27
32006,27
32007,27
32008,27
32009,24
32010,24
32011,24
32012,27
32014,27
32015,28
32016,28
32017,28
32019,29
32020,29
32021,28
32022,28
32023,28
32024,28
32025,28
32026,28
32027,28
32028,28
32029,28
32030,28
32031,28
32032,28
32033,28
32034,28
32035,28
32036,28
32037,28
32038,28
32039,28
32040,27
32041,27
32042,28
32043,28
32044,28
32045,28
32046,28
32047,28
32048,28
32050,28
32051,28
32052,28
32053,28
32055,28
32057,28
32058,28
32059,28
32060,28
32061,31
32062,28
32063,28
32064,28
32065,28
32066,28
32067,28
32068,28
32069,28
32070,28
32071,28
32072,27
32073,27
32074,27
32076,28
32077,28
32078,28
32079,27
32080,27
32081,28
32082,28
32083,28
32084,28
33001,23
33002,23
33003,23
33004,23
33005,23
33006,23
33007,23
33008,23
33009,23
33010,23
33011,23
33012,23
33013,23
33014,23
33015,23
33016,23
33017,23
33018,23
33019,23
33020,23
33021,23
33022,23
33023,23
33024,23
33025,23
33026,23
33027,23
33028,23
33029,27
33031,27
33032,27
33033,27
33034,27
33035,27
33036,27
33037,27
33038,27
33039,27
33040,27
33041,27
33042,27
33043,27
33044,27
33045,27
33046,27
33047,27
33048,27
33049,27
33050,27
33052,27
33053,27
33055,27
33056,27
33057,27
33058,27
33059,27
33060,27
33061,27
33062,27
33063,27
33064,27
33065,27
33066,27
33067,27
33068,27
33071,27
33072,27
33073,27
33074,23
33075,23
33076,23
33077,27
33078,27
33079,27
34001,21
34002,21
34003,21
34004,21
34005,21
34006,25
34007,21
34008,25
34009,21
34010,22
34011,25
34012,21
34013,25
34014,25
34015,25
34016,25
34017,25
34018,25
34019,25
34020,25
34021,25
34022,25
34023,25
34024,25
34025,25
34026,25
34027,25
34028,25
34029,25
34030,25
34031,25
34032,25
34033,25
34034,21
34035,25
34036,25
34037,25
34038,25
34039,25
34040,22
34041,25
34042,25
34043,25
34044,25
34045,25
34046,26
34047,26
34048,25
34049,26
34050,26
34051,26
34052,26
34053,26
34054,26
34055,26
34056,26
34057,26
34058,25
34059,25
34060,26
34061,26
34062,26
34063,25
34064,25
34065,21
34066,21
34067,25
34068,25
34069,25
34070,26
34071,26
34072,25
34073,25
35001,30
35002,30
35003,30
35004,30
35005,30
35006,25
35007,25
35008,25
35009,25
35010,25
35011,25
35012,25
35013,21
35014,25
35015,21
35016,21
35017,21
35018,21
35019,21
35021,21
35022,21
35023,24
35024,24
35025,21
35026,24
35027,24
35028,21
35029,21
35030,24
35031,21
35032,21
35033,25
35034,21
35036,25
35037,21
35038,21
35039,21
35040,21
35041,21
35042,21
35043,21
35044,21
35045,21
35046,21
35047,21
35048,21
35049,22
35050,22
35051,21
35052,21
35053,21
35054,21
35055,21
35057,21
35058,22
35059,21
35061,21
35062,30
35063,25
35064,24
35065,21
35066,21
36001,22
36002,22
36003,22
36004,22
36005,22
36006,22
36007,22
36008,22
36009,22
36010,22
36011,22
36012,22
36013,22
36014,22
36015,22
36016,22
36017,22
36018,22
36019,22
36020,22
36021,22
36022,22
36023,22
36024,22
36025,22
36026,22
36027,22
36028,22
36029,22
36030,22
36031,22
36032,22
36033,22
36034,22
36035,22
36036,22
36037,22
36038,22
36039,22
36040,22
36041,22
36042,22
36043,22
36044,25
36045,22
36046,22
36047,22
36048,22
36049,22
36050,22
36051,22
36052,22
36053,22
36054,22
36055,22
36056,22
36057,22
36058,22
36059,22
36060,22
36061,22
36062,22
36063,22
36064,26
36065,22
36066,22
36067,22
36068,22
36069,21
36070,25
36071,22
36072,22
36073,22
36074,22
36075,22
36076,22
36077,22
36078,22
36079,22
36080,22
36081,22
36082,22
36083,22
37001,22
37003,22
37007,26
37008,26
37009,26
37010,26
37011,26
37012,26
37013,26
37014,26
37015,26
37016,26
37017,26
37018,26
37019,26
37020,26
37021,26
37023,26
37024,26
37025,26
37026,26
37027,26
37028,26
37029,26
37030,26
37031,26
37032,26
37033,26
37034,26
37035,26
37036,26
37037,26
37038,26
37039,26
37040,30
37041,30
37042,30
37043,30
37044,30
37045,30
37046,30
37047,30
37048,30
37049,30
37050,30
37051,34
37052,30
37053,30
37054,30
37055,34
37056,34
37057,34
37058,34
37059,34
37060,34
37061,30
37062,30
37063,26
37064,26
37065,26
37066,26
37067,30
37068,30
37069,30
37070,26
37073,22
37074,26
37075,26
37076,26
37077,26
37078,26
37080,26
37081,26
37082,26
37083,26
37084,30
37085,30
37086,30
37087,34
37088,26
38001,34
38002,34
38003,34
38004,34
38005,34
38006,34
38007,34
38008,34
38009,30
38010,32
38011,30
38012,30
38013,30
38014,30
38015,30
38016,32
38017,32
38018,30
38019,32
38020,29
38021,32
38022,32
38023,32
38024,32
38025,32
38026,32
38027,32
38028,32
38029,32
38030,32
38031,32
38032,32
38035,32
38036,28
38037,29
38038,29
38039,29
38040,29
38041,29
38042,29
38043,29
38044,29
38045,32
38046,29
38047,29
38049,29
38050,32
38051,32
38052,32
38053,32
38054,32
38055,32
38056,32
38057,32
38059,32
38060,32
38062,34
38063,32
38064,34
38065,30
38066,30
38067,32
38068,32
38069,29
38070,29
38071,32
39001,21
39002,21
39003,21
39004,21
39005,21
39006,21
39007,21
39008,21
39009,21
39010,21
39011,25
39012,21
39013,21
39014,25
39015,25
39016,25
39017,25
39018,25
39019,25
39020,25
39021,25
39022,26
39023,25
39024,25
39025,25
39026,25
39027,25
39028,25
39029,25
39030,25
39031,25
39032,25
39033,25
39034,25
39035,30
39036,26
39037,25
39038,25
39039,25
39040,25
39041,25
39042,25
39043,25
39044,25
39045,25
39046,25
39047,25
39048,25
39049,25
39050,25
39051,25
39052,21
39053,21
39054,21
39055,25
39056,25
40001,19
40002,19
40003,20
40004,19
40005,19
40006,19
40007,19
40008,20
40009,19
40010,19
40011,19
40012,19
40013,19
40014,19
40015,19
40016,20
40017,19
40018,20
40019,20
40020,20
40021,20
40022,20
40023,20
40024,20
40025,20
40026,20
40027,20
40028,20
40029,20
40030,20
40031,20
40032,20
40033,20
40034,20
40035,20
40036,20
40037,20
40038,20
40039,20
40040,20
40041,20
40042,20
40043,20
40044,20
40045,20
40047,20
40048,20
40049,20
40050,20
40051,20
40052,20
40053,20
40055,21
40056,20
40057,20
40058,20
40059,20
40060,20
41001,48
41002,48
41004,48
41005,48
41006,48
41007,48
41008,48
41009,48
41010,48
41011,45
41012,46
41013,45
41014,46
41015,46
41016,45
41017,46
41018,46
41019,45
41020,45
41021,45
41022,46
41023,45
41024,45
41025,45
41026,45
41027,45
41028,45
41029,45
41030,45
41031,45
41032,45
41034,45
41035,48
41036,46
41037,45
41038,46
41039,45
41040,45
41041,45
41042,48
41043,45
41044,48
41045,45
41046,46
41047,45
41048,45
41049,45
41050,45
41051,45
41052,45
41053,45
41054,45
41056,46
41057,48
41058,48
41059,48
41060,46
41061,46
41062,46
41063,46
41064,46
41065,46
41066,46
41067,46
41068,46
41069,46
41070,48
41071,48
41072,48
41073,46
41074,48
41075,48
41076,48
41077,48
41078,48
41079,48
41080,48
41081,48
41082,48
41083,46
41084,46
41085,46
41086,48
41087,48
41088,48
41089,48
41091,45
41092,48
41095,45
41096,45
41097,45
41098,45
41099,45
42001,40
42002,40
42003,40
42004,40
42005,40
42006,40
42007,40
42008,40
42009,40
42010,40
42011,40
42012,40
42013,40
42014,40
42015,40
42016,40
42017,40
42018,40
42019,40
42020,40
42021,40
42022,40
42023,40
42025,45
42026,40
42027,40
42028,40
42029,40
42030,40
42031,40
42032,40
42033,40
42034,40
42035,40
42036,45
42038,45
42039,40
42040,45
42041,45
42042,45
42043,45
42044,45
42045,45
42046,45
42047,45
42048,45
42049,45
42050,45
42051,45
42053,45
42054,45
42055,45
42056,45
42057,45
42058,45
42059,45
42060,45
42061,45
42062,45
42063,45
42064,45
42065,45
42066,44
42067,44
42068,40
42069,45
42070,40
42071,45
42072,40
42073,45
42074,40
42075,40
42076,40
42077,40
42078,40
42079,45
42080,45
42082,45
43001,40
43002,40
43003,40
43004,40
43005,40
43006,40
43007,40
43008,40
43009,40
43010,40
43011,40
43012,36
43013,35
43014,40
43015,40
43016,40
43017,40
43018,40
43019,40
43020,40
43021,40
43022,40
43023,40
43024,40
43025,40
43026,40
43027,40
43028,40
43029,40
43030,40
43031,40
43032,40
43033,40
43034,40
43035,35
43036,35
43037,35
43038,35
43039,35
43040,35
43041,35
43042,35
43043,35
43044,35
43045,36
43046,36
43047,36
43048,36
43049,36
43050,36
43051,35
43052,40
43053,40
43054,40
43055,40
43056,40
43057,35
43058,41
43059,35
43060,35
43061,35
43062,35
43063,35
43064,35
43065,35
43066,41
43067,41
43068,40
43069,40
43070,40
43071,40
43072,36
43073,40
43074,40
43075,40
43076,41
43077,35
43078,40
43079,41
43080,40
43081,40
43082,40
43083,40
43084,35
43085,35
43086,35
43087,36
44001,44
44002,39
44003,39
44004,39
44005,40
44006,39
44007,39
44008,39
44009,39
44010,39
44011,39
44012,39
44013,39
44014,39
44015,39
44016,39
44017,39
44018,39
44019,39
44020,39
44021,44
44022,44
44023,40
44024,40
44027,45
44028,40
44029,45
44030,45
44031,45
44032,45
44033,45
44034,40
44035,40
44036,40
44037,39
44038,40
44039,39
44040,39
44041,40
44042,40
44043,39
44044,39
44045,39
44046,40
44047,40
44048,40
44049,40
44050,40
44051,39
44052,39
44053,39
44054,39
44055,39
44056,39
44057,39
44058,39
44059,39
44060,39
44061,39
44062,39
44063,39
44064,39
44065,39
44066,39
44067,40
44068,39
44069,39
44070,39
44071,39
44072,39
44073,39
44074,39
44075,39
44076,39
44077,39
44078,39
44079,39
44080,39
44081,40
44082,40
44083,39
44084,39
44085,39
44086,39
44087,45
44088,39
44089,39
44090,40
44091,40
44092,39
44093,40
45001,44
45002,44
45003,48
45004,48
45005,48
45006,44
45007,44
45008,44
45009,44
45010,44
45011,48
45012,48
45013,48
45014,48
45015,48
45016,48
45017,44
45018,44
45019,44
45020,44
45021,44
45022,48
45023,48
45024,48
45025,48
45026,48
45027,48
45028,48
45029,48
45030,48
45031,48
45032,44
45033,44
45034,43
45035,44
45036,44
45037,48
45038,48
45039,48
45040,44
45041,44
45042,47
45043,47
45044,47
45045,47
45046,47
45047,47
45049,48
45051,48
45052,48
45053,48
45054,48
45055,44
45056,48
45057,48
45058,48
45059,48
45060,48
45061,48
45062,48
45063,48
45064,48
45065,48
45066,48
45067,48
45068,48
45070,48
45071,48
45073,48
45074,48
45075,48
45076,48
45077,48
45078,48
46001,47
46002,47
46003,47
46004,47
46005,47
46007,47
46008,47
46009,47
46010,47
46011,47
46013,47
46014,47
46015,47
46016,47
46017,48
46018,48
46019,48
46020,48
46021,48
46022,48
46023,48
46024,48
46025,48
46026,47
46027,47
46028,48
46029,47
46030,48
46031,47
46032,47
46033,47
46034,47
46035,38
46036,50
46037,47
46038,47
46039,47
46040,47
46041,47
46042,50
46043,48
46044,48
46045,48
46046,48
46047,50
46048,47
46049,47
46050,47
46051,47
46052,47
46053,47
46054,47
46055,47
46056,47
46057,47
46058,47
46059,47
46060,47
46061,47
46062,47
46063,47
46064,47
46065,47
46066,38
46067,38
46068,38
46069,38
46070,50
46071,47
46072,50
46073,48
46074,50
46075,47
46076,47
46077,47
46078,47
46079,50
46080,47
46081,48
46082,47
47001,47
47002,47
47003,38
47004,38
47005,47
47006,38
47007,38
47008,47
47009,47
47010,43
47011,38
47012,38
47013,47
47014,47
47015,47
47016,43
47017,43
47018,43
47019,43
47020,43
47021,43
47022,43
47023,43
47024,43
47025,43
47026,44
47027,44
47028,43
47029,43
47030,43
47031,44
47032,44
47033,43
47034,43
47035,43
47036,43
47037,43
47038,43
47039,43
47040,47
47041,47
47042,47
47043,43
47044,43
47045,43
47046,43
47047,43
47048,44
47049,44
47050,43
47051,43
47052,43
47053,47
47054,47
47055,47
47056,47
47057,47
47058,47
47059,47
47060,47
47061,47
47062,43
47063,43
47064,43
47065,43
47066,44
47067,47
47068,47
47069,43
47070,43
47071,50
47072,38
47073,43
47074,47
48001,43
48002,43
48003,44
48004,44
48005,44
48006,44
48007,44
48008,38
48009,44
48010,44
48011,44
48012,44
48013,44
48014,44
48015,44
48016,44
48017,44
48018,44
48019,44
48020,44
48021,44
48022,44
48023,44
48024,44
48025,44
48026,44
48028,44
48031,44
48032,44
48033,44
48034,44
48036,43
48038,44
48039,44
48040,44
48041,44
48042,44
48043,44
48044,44
48045,44
48046,44
48047,44
48048,44
48049,44
48050,44
48051,44
48052,44
48053,44
48054,44
48055,44
48056,45
48057,44
48058,44
48059,44
48060,44
48061,44
48062,44
48063,44
48064,44
48065,44
48066,44
48067,40
48068,44
48070,45
48071,44
48072,44
49001,43
49002,43
49003,43
49004,43
49005,43
49006,43
49007,38
49009,43
49010,43
49011,43
49012,43
49013,38
49014,38
49015,38
49016,43
49017,43
49018,43
49019,43
49020,43
49021,43
49022,38
49023,43
49024,43
49025,43
49026,43
49027,38
49028,38
49029,38
49030,43
49031,43
49032,38
49033,38
49034,43
49035,43
49036,43
49037,43
49039,43
49040,43
49041,43
49042,43
49043,43
49044,38
49045,43
49046,43
49047,38
49048,38
49049,38
49050,38
49051,38
49052,38
49053,38
49054,38
49055,38
49056,38
49057,44
49058,43
49059,43
49060,44
49061,43
49062,43
49063,47
49064,43
49065,38
49066,43
49067,43
49068,43
49069,43
49070,43
49071,38
50001,33
50002,33
50003,33
50005,33
50007,33
50008,33
50009,33
50010,33
50011,34
50012,33
50013,33
50014,35
50015,34
50016,34
50017,34
50018,34
50019,34
50020,34
50021,34
50022,34
50023,34
50024,34
50025,34
50026,33
50027,33
50028,33
50029,33
50030,33
50031,33
50032,33
50033,33
50034,33
50035,33
50037,33
50038,33
50039,33
50040,33
50041,33
50042,33
50043,33
50044,34
50045,34
50046,34
50047,33
50048,33
50049,34
50050,34
50051,34
50052,34
50053,34
50054,34
50055,34
50057,34
50059,34
50060,34
50061,34
50062,34
50063,34
50064,34
50065,34
50066,34
50067,33
50068,33
50069,33
50070,33
50071,33
50072,33
50073,33
50074,33
50075,33
50076,33
50077,33
50078,33
50079,33
50080,33
50081,33
50082,33
50083,33
50084,33
50085,33
50086,33
50087,35
50088,35
50089,35
50090,35
50091,35
50092,35
50093,35
50094,35
50095,33
50096,33
50097,34
50098,34
50099,35
50100,33
50101,33
50102,33
50103,35
50104,35
50105,33
50106,33
50107,33
51001,38
51002,38
51003,38
51004,38
51005,38
51006,38
51007,39
51008,39
51009,38
51010,38
51011,39
51012,39
51013,39
51014,38
51015,38
51017,38
51018,44
51019,38
51020,38
51021,39
51022,39
51023,38
51024,47
51025,38
51026,47
51027,38
51028,38
51029,38
51030,38
51031,38
51032,38
51033,38
51034,38
51035,38
51036,38
51037,38
51038,38
51040,38
51041,38
51042,38
51043,38
51044,38
51047,47
51049,38
51050,38
51051,38
51053,38
51054,38
51055,38
51056,38
51057,38
51058,38
51059,47
51060,47
51061,47
51062,47
51063,38
51064,38
51065,38
51066,38
51067,38
51068,38
51070,38
51071,38
51072,38
51073,38
51074,38
51075,38
51076,47
51077,47
51078,38
51079,38
51080,38
51081,38
51082,38
51083,39
51084,39
51087,38
52001,33
52003,35
52004,33
52005,33
52007,33
52008,33
52009,33
52010,33
52011,33
52012,33
52014,33
52016,33
52017,33
52018,33
52019,33
52021,38
52022,33
52023,33
52025,33
52026,39
52027,33
52028,33
52029,33
52030,33
52032,33
52034,33
52035,39
52036,39
52037,39
52039,39
52041,39
52042,39
52043,39
52044,39
52045,39
52046,39
52047,39
52048,39
52049,39
52050,39
52051,39
52052,39
52053,39
52054,39
52056,39
52057,39
52058,39
52059,39
52060,39
52061,39
52063,35
52064,39
52065,39
52066,39
52067,39
52068,39
52069,39
52070,39
52071,39
52072,39
52073,35
52074,35
52075,35
52076,39
52077,39
52078,39
52079,38
52080,38
52081,39
52082,38
52083,39
52084,39
52085,39
52086,39
52087,39
52088,39
52089,39
52090,39
52091,39
52092,39
52093,39
52094,38
52095,39
52096,39
52097,39
52098,39
52101,39
52102,33
52103,39
52104,33
52106,38
52109,33
52110,39
52111,39
52113,35
52114,39
52115,33
52116,39
52117,33
52118,38
52121,38
52122,39
52123,39
52124,38
52125,38
52126,39
53001,34
53002,34
53003,34
53004,34
53005,34
53006,34
53007,34
53008,34
53009,34
53010,34
53011,34
53012,34
53013,34
53014,34
53015,34
53016,34
53017,34
53018,34
53019,34
53020,34
53021,34
53022,34
53023,34
53024,34
53025,34
53026,34
53027,34
53028,34
53029,34
53030,34
53031,34
53032,34
53033,34
53034,34
53035,34
53036,34
53037,34
53038,34
53041,34
53042,34
53043,34
53044,34
53045,34
53046,34
53047,34
53048,34
53049,36
53050,37
53051,34
53052,34
53053,34
53054,34
53055,34
53056,34
53057,34
53058,34
53059,34
53060,34
53061,34
53062,34
53063,37
53064,37
53065,37
53066,37
53067,37
53068,37
53069,37
53070,37
53071,37
53072,37
53073,37
53074,37
53075,37
53076,37
53077,37
53078,33
53079,33
53080,36
53081,34
53082,37
53083,34
53084,34
53085,34
53086,34
53087,34
53088,34
53089,34
54001,42
54002,37
54003,37
54004,37
54005,42
54006,37
54007,36
54008,36
54009,36
54010,36
54011,36
54012,36
54013,34
54014,36
54015,36
54016,36
54017,36
54018,41
54019,37
54020,37
54021,37
54022,34
54023,37
54024,37
54025,34
54026,41
54027,37
54028,37
54029,37
54030,37
54031,37
54032,37
54033,37
54034,37
54035,37
54036,37
54037,37
54038,37
54039,37
54040,37
54041,37
54042,37
54043,37
54044,37
54045,37
54046,37
54047,37
54048,37
54049,37
54050,37
54051,37
54052,37
54053,37
54054,37
54055,37
54056,37
54057,37
54058,37
54059,37
54060,37
54061,37
54062,37
54063,37
54064,37
54065,37
54066,37
54067,37
54068,42
54069,42
54070,42
54071,42
54072,42
54073,37
54074,37
54075,42
54076,36
54077,37
54078,37
54079,37
54080,37
54081,37
54082,37
54083,37
54084,34
54085,37
54086,37
54087,37
54088,37
54089,37
55001,41
55002,41
55003,41
55004,41
55005,37
55006,41
55007,37
55008,41
55009,41
55010,41
55011,41
55012,41
55013,42
55014,37
55015,37
55016,37
55017,37
55018,41
55019,41
55020,41
55021,41
55022,41
55023,41
55024,41
55025,37
55026,37
55027,37
55028,37
55029,37
55030,41
55031,41
55032,41
55033,41
55034,41
55035,41
55036,41
55037,37
55039,37
55040,37
55041,37
55042,37
55043,37
55044,37
55045,37
55046,42
55047,42
55048,42
55049,42
55050,37
55051,37
55052,37
55053,41
55054,37
55056,41
55057,41
55058,41
55059,41
55060,41
55063,41
55065,41
55066,41
55067,41
55068,41
55069,41
55070,41
55071,41
55072,41
55073,41
55074,41
55075,41
55076,41
55077,41
55078,41
55079,41
55080,41
55081,41
55082,41
55083,36
55084,41
55085,41
55086,41
55087,41
55088,41
55089,41
55090,41
55091,41
55092,41
55093,41
55094,41
55095,41
55096,41
55097,41
55098,41
55099,41
55100,36
55101,36
55102,41
55103,41
55104,41
55106,41
55107,41
55108,41
55109,41
55110,41
55111,37
55112,41
55113,37
56001,36
56002,36
56004,36
56005,36
56006,36
56007,36
56008,36
56009,36
56010,36
56011,36
56013,36
56014,36
56015,36
56016,36
56017,36
56018,36
56019,36
56020,36
56021,36
56022,36
56023,36
56024,36
56025,36
56026,36
56027,36
56028,36
56029,36
56030,36
56031,41
56032,36
56033,36
56034,36
56035,36
56036,36
56038,36
56040,36
56041,36
56042,36
56043,36
56044,41
56045,36
56046,41
56047,36
56048,41
56049,36
56050,36
56051,36
56052,36
56053,36
56054,36
56055,36
56056,36
56057,36
56058,36
56059,36
56060,36
56061,41
56062,36
56063,41
56064,41
56065,36
56066,41
56067,35
56068,36
56069,36
56070,36
56071,36
56072,36
56073,35
56074,36
56075,35
56076,35
56077,35
56078,35
56079,36
56080,36
56081,36
56082,36
56083,41
56084,36
56085,36
56086,36
56087,36
56088,36
56089,41
56090,36
56091,36
56092,36
57002,35
57005,33
57006,35
57007,35
57008,35
57009,35
57010,35
57011,35
57012,35
57013,35
57014,35
57015,35
57018,35
57019,33
57020,33
57021,36
57022,33
57023,35
57024,35
57025,35
57026,35
57027,35
57028,35
57029,35
57030,35
57031,35
57032,36
57033,36
57034,35
57035,35
57036,36
57037,36
57038,36
57039,35
57040,35
57041,35
57042,35
57043,35
57044,35
57045,35
57046,35
57047,35
57048,35
57049,35
57050,36
57051,36
57052,36
57053,36
57054,36
57055,36
57056,35
57057,36
57058,36
57059,35
57060,35
57061,35
57062,35
57063,35
57064,35
57065,35
57066,35
57067,35
57068,35
57069,35
57070,35
57071,35
57072,35
57073,35
57074,35
57075,35
57076,35
57077,35
57078,35
57079,35
57080,35
57081,35
57082,35
57083,35
57084,35
57085,35
57086,35
57087,35
57088,35
57089,35
57090,35
57092,35
57094,33
57095,35
57096,35
57097,36
57099,36
57100,36
57101,36
57102,33
57103,35
57104,35
57105,35
57106,35
58001,41
58002,41
58003,41
58004,41
58005,41
58006,41
58007,41
58008,41
58009,41
58010,41
58011,41
58012,41
58013,41
58014,40
58015,40
58016,45
58017,45
58018,45
58019,45
58020,45
58021,45
58022,45
58023,45
58024,45
58025,45
58026,45
58028,45
58029,45
58030,45
58031,45
58032,45
58033,45
58034,45
58035,45
58036,45
58037,45
58038,45
58039,45
58040,45
58041,42
58042,42
58043,45
58044,45
58045,41
58046,41
58047,41
58048,41
58049,42
58050,42
58051,45
58052,41
58053,41
58054,41
58055,42
58056,42
58057,42
58058,42
58059,46
58060,46
58061,42
58062,42
58063,42
58064,42
58065,46
58066,42
58067,42
58068,42
58069,42
58070,46
58071,42
58072,42
58073,42
58074,46
58075,46
58076,46
58077,46
58078,46
58079,46
58080,45
58081,45
58082,46
58083,45
58084,41
58085,41
58086,45
59001,45
59002,45
59003,45
59004,45
59005,45
59006,46
59007,46
59008,42
59009,46
59010,46
59011,46
59012,46
59013,46
59014,46
59015,46
59016,46
59017,45
59018,46
59019,45
59020,46
59021,46
59022,46
59023,45
59024,46
59025,46
59026,46
59027,46
59028,46
59029,46
59030,46
59031,46
59032,46
59033,46
59034,46
59035,46
59036,46
59037,46
59038,46
59039,46
59041,46
59042,46
59044,46
59047,46
59048,46
59049,46
59051,46
59052,46
59053,46
59054,46
59055,46
59056,46
59057,46
59058,46
59059,46
59060,46
59061,46
59062,46
59063,46
59064,46
59065,46
59066,46
59067,46
59068,46
59069,46
59070,46
59071,46
59072,46
59073,46
59074,46
59075,46
59076,46
59077,42
59078,46
59079,46
59080,46
59081,46
59082,46
59083,46
59084,46
59085,46
59086,42
59087,46
59089,42
60001,42
60002,42
60003,42
60004,42
60005,42
60006,42
60007,42
60008,42
60009,42
60010,42
60011,42
60012,42
60013,42
60014,42
60015,42
60016,42
60017,42
60018,42
60019,42
60020,42
60021,42
60022,42
60023,37
60024,42
60025,42
60026,42
60027,42
60028,42
60029,42
60030,42
60031,42
60032,42
60033,42
60034,42
60035,42
60036,42
60037,42
60038,42
60039,42
60040,42
60041,42
60042,42
60043,42
60044,42
60045,41
60046,41
60047,41
60048,42
60049,42
60050,42
60051,42
60052,42
60053,42
60054,42
60055,42
60056,42
60057,42
60058,42
60059,42
60060,42
60061,42
60062,42
60063,42
60064,42
60065,42
60066,42
60067,42
60068,42
60069,42
60070,42
60071,42
60072,42
60073,42
60074,42
60075,42
60076,42
60077,42
60078,42
60079,46
60080,42
60081,42
60082,42
60083,42
60084,42
60085,42
60086,42
60087,42
60088,42
60089,42
60090,42
60091,41
61002,49
61003,49
61004,49
61005,49
61006,49
61007,49
61008,49
61009,49
61010,49
61011,49
61012,49
61013,49
61014,49
61015,49
61016,49
61018,49
61020,49
61021,49
61023,49
61025,49
61027,49
61028,49
61029,49
61030,49
61031,49
61032,49
61033,49
61034,50
61035,50
61036,50
61037,49
61038,49
61039,49
61040,49
61042,49
61043,50
61044,50
61045,50
61046,50
61047,50
61048,50
61050,49
61051,49
61052,49
61053,49
61054,49
61055,49
61056,49
61057,49
61058,49
61059,49
61060,49
61061,49
61062,50
61063,49
61064,49
61067,49
61068,49
61069,49
61070,49
61072,49
61073,49
61074,49
61075,49
61076,49
61077,49
61078,49
61079,49
62002,51
62003,51
62004,51
62005,51
62006,51
62007,51
62008,51
62009,51
62010,51
62011,51
62012,51
62013,51
62014,51
62015,51
62016,51
62017,51
62018,51
62019,51
62020,51
62021,51
62022,51
62023,51
62024,51
62025,51
62026,51
62027,51
62028,51
62029,51
62030,51
62031,51
62032,51
62033,51
62034,51
62035,51
62036,51
62038,51
62039,51
62041,51
62042,51
62043,51
62044,51
62045,51
62046,51
62047,51
62049,51
62050,51
62051,51
62052,51
62053,51
62054,51
62057,51
62058,51
62059,51
62060,50
62061,50
62064,50
62065,50
62066,50
62067,50
62068,50
62072,50
62074,51
62075,51
62076,51
62077,51
62078,51
62079,51
62080,51
62081,51
62082,51
62083,51
62084,51
62085,50
62086,51
62088,51
63001,51
63002,51
63003,51
63004,51
63007,51
63008,51
63009,51
63011,51
63012,51
63013,51
63014,51
63015,51
63016,51
63017,49
63018,50
63020,50
63021,51
63022,51
63023,51
63024,50
63025,50
63026,50
63027,50
63028,51
63029,50
63030,50
63031,50
63032,50
63033,50
63034,50
63035,50
63037,49
63038,49
63039,49
63040,49
63041,49
63042,49
63043,49
63045,49
63046,50
63047,50
63048,50
63049,50
63050,50
63051,50
63052,50
63053,50
63054,50
63055,50
63056,50
63057,50
63058,50
63059,50
63060,50
63062,50
63063,50
63064,50
63065,50
63066,50
63067,50
63068,49
63069,49
63070,50
63071,49
63072,49
63073,49
63074,49
63075,50
63076,51
63077,51
63078,51
63079,50
63080,49
63081,50
63082,50
63083,50
63084,51
63085,51
63087,51
63089,50
64001,51
64002,51
64003,51
64004,51
64005,51
64007,51
64008,51
64009,51
64010,51
64011,51
64012,50
64013,50
64014,50
64015,50
64016,50
64018,50
64019,50
64020,50
64021,50
64022,50
64023,50
64024,50
64025,50
64026,50
64027,50
64028,50
64029,50
64030,50
64031,50
64032,50
64033,50
64034,50
64035,50
64036,50
64037,50
64038,50
64039,50
64040,50
64041,50
64042,50
64043,50
64044,50
64045,50
64046,49
64047,49
64048,50
64049,49
64050,49
64051,49
64052,49
64053,49
64055,51
64057,50
64058,51
64059,50
64060,50
64061,49
64062,50
64063,50
64064,50
64068,49
64070,50
64075,47
64076,47
64077,47
64078,47
64079,47
64080,47
64081,47
64082,47
64083,47
64084,47
64085,47
64086,47
64087,47
64088,47
64089,47
64090,47
64091,47
64092,47
64093,47
64094,47
64095,47
64096,47
64097,47
64098,47
65001,1
65002,1
65003,1
65004,1
65005,1
65006,1
65007,1
65008,1
65009,1
65010,1
65011,1
65012,1
65013,1
65014,1
65015,1
65016,1
65017,1
65018,1
65019,1
65020,1
65021,1
65022,1
65023,1
65024,1
65025,1
65026,1
65027,1
65028,1
65029,1
65030,1
65031,1
65032,1
65033,1
65034,1
65035,1
65036,1
65037,1
65038,1
65039,1
65040,1
65041,1
65042,1
65043,1
65044,1
65045,1
65046,1
65047,1
65048,1
65049,2
65050,2
65051,1
65052,1
65053,1
65054,1
65055,1
65056,1
65057,1
65058,1
65059,1
65060,1
65061,1
65062,1
65063,1
65064,1
65065,1
65066,1
65067,1
65068,1
65069,1
65070,2
65071,1
65072,1
65073,1
65074,1
65075,1
65076,1
65077,2
65078,2
65079,2
65080,1
65081,1
65082,1
65083,1
65084,1
65085,1
65086,1
65087,1
65088,1
65089,1
65090,1
65091,1
65092,1
65093,1
65094,1
65095,1
65098,1
65099,1
66001,1
66002,1
66003,1
66004,1
66005,1
66006,1
66007,1
66008,1
66009,1
66010,1
66011,1
66012,1
66013,1
66014,1
66015,1
66016,1
66017,1
66018,1
66019,1
66020,2
66021,1
66022,2
66023,2
66024,2
66026,2
66027,2
66029,2
66030,2
66031,2
66032,2
66033,2
66034,2
66035,2
66036,2
66037,2
66038,2
66039,2
66040,1
66041,1
66042,1
66043,2
66044,2
66045,2
66046,2
66047,2
66048,2
66049,2
66050,2
66051,2
66052,2
66053,2
66054,2
66055,2
66056,2
66057,2
66058,2
66059,2
66060,2
66061,2
66062,2
66063,2
66064,3
66065,1
66066,3
66067,3
66068,3
66069,3
66070,3
66071,3
66072,3
66073,3
66074,3
66075,3
66076,3
66077,3
66078,3
66079,3
66080,3
66081,3
66082,3
66083,3
66084,3
66085,3
66088,3
66090,3
66091,1
66092,3
66094,1
66096,3
66097,2
66098,1
66099,1
66100,1
66101,2
66102,2
66103,2
66104,2
66105,1
66106,2
67001,3
67002,3
67003,3
67004,3
67006,3
67007,6
67008,3
67009,3
67010,3
67011,6
67012,6
67013,3
67014,6
67015,6
67016,6
67017,6
67018,6
67019,6
67021,6
67022,6
67023,6
67025,6
67026,6
67027,6
67028,6
67029,6
67030,6
67031,6
67032,6
67033,6
67034,6
67035,6
67036,6
67037,6
67038,6
67039,6
67040,6
67041,6
67042,6
67043,6
67044,6
67045,6
67046,6
67047,6
67048,6
67049,6
67050,6
67051,3
67052,6
67053,6
67054,6
67055,6
67056,6
67057,6
67058,6
67059,6
67060,6
67061,6
67062,6
67063,6
67064,6
67065,6
67066,6
67067,6
67068,6
67069,6
67070,6
67071,6
67072,6
67073,6
67074,6
67075,6
67076,6
67077,6
67078,6
67079,6
67080,6
67081,6
67082,6
67083,6
67084,6
67085,6
67086,6
67087,6
67088,6
67089,6
67090,6
67091,6
67092,6
67093,6
67094,6
67095,6
67096,6
67097,6
67098,6
67099,6
67101,6
67102,6
67105,6
67106,6
67107,6
67108,6
67109,3
67110,3
67111,3
67112,6
67113,6
67114,7
68001,8
68002,8
68003,5
68004,8
68005,5
68006,8
68007,5
68008,5
68009,8
68010,5
68011,8
68012,8
68013,8
68014,8
68015,8
68017,8
68018,8
68022,8
68023,8
68024,8
68025,8
68026,8
68027,8
68028,8
68029,8
68030,8
68031,9
68032,8
68033,9
68034,9
68035,8
68036,8
68037,8
68038,8
68039,8
68040,8
68041,8
68042,8
68043,8
68044,8
68045,8
68046,8
68047,8
68048,8
68049,8
68050,8
68051,8
68052,8
68053,8
68054,8
68055,8
68056,8
68057,9
68058,9
68059,9
68060,9
68061,8
68062,8
68063,8
68064,8
68065,8
68066,8
68067,8
68068,8
68069,8
68070,8
68071,8
68072,8
68073,8
68074,9
68075,8
68076,8
68077,8
68078,8
68079,8
68080,9
68081,9
68082,9
68083,9
68087,9
68088,8
68089,8
68090,8
68091,8
68092,8
68093,8
68094,8
68096,9
68097,9
68098,9
68099,6
68102,6
68103,8
68104,8
68105,9
68108,9
68109,9
68110,8
68111,8
68112,8
68113,9
68114,8
68115,8
69001,6
69002,6
69003,6
69004,6
69005,6
69006,6
69007,6
69008,7
69009,6
69010,6
69011,6
69012,6
69013,6
69014,6
69015,6
69016,6
69017,6
69018,6
69019,6
69020,6
69021,7
69022,6
69023,6
69024,6
69025,6
69026,7
69027,7
69028,7
69029,7
69030,6
69031,6
69032,7
69033,6
69034,7
69035,7
69036,7
69037,7
69038,7
69039,7
69040,7
69041,7
69042,7
69043,7
69044,7
69045,7
69046,6
69047,7
69048,7
69049,7
69050,7
69051,7
69052,7
69053,7
69054,7
69055,7
69056,7
69057,7
69058,7
69059,7
69060,7
69061,7
69062,7
69063,7
69064,7
69065,7
69066,7
69067,7
69068,7
69069,7
69070,7
69071,7
69072,7
69073,7
69074,7
69075,7
69076,7
69077,7
69078,7
69079,7
69080,7
69081,7
69082,9
69083,7
69084,7
69085,7
69086,7
69087,7
69088,7
69089,7
69090,7
69091,7
69092,7
69093,7
69094,7
69095,7
69096,7
69097,7
69098,7
69099,7
69100,7
69104,6
69105,6
69108,7
69109,7
69110,7
69111,7
69112,7
69113,7
69114,7
69115,6
70001,9
70002,9
70003,9
70004,9
70005,9
70006,9
70007,9
70008,9
70009,9
70010,9
70011,9
70012,9
70013,9
70014,9
70015,9
70016,9
70017,9
70018,9
70019,9
70020,9
70021,9
70022,9
70023,9
70024,9
70025,9
70026,9
70027,9
70028,9
70029,9
70030,9
70031,9
70032,9
70033,9
70034,9
70035,9
70036,9
70037,9
70038,9
70039,9
70040,9
70041,9
70042,9
70043,9
70044,9
70045,9
70047,9
70048,9
70049,9
70050,9
70051,9
70052,9
70053,9
70055,9
70056,9
70057,9
70058,9
70059,9
70060,9
70061,9
70062,9
70063,9
70064,7
70065,7
70066,9
70067,7
70068,7
70069,9
70070,7
70071,7
70073,7
70074,9
70075,9
70076,7
70077,7
70078,7
70080,7
70081,7
70082,7
70083,7
70084,7
70085,7
70086,7
70087,7
70088,7
70089,9
70090,9
70091,9
70092,9
70093,9
70096,7
70097,7
70098,9
70099,7
70100,9
70101,9
70102,9
70103,9
70104,7
70105,9
70106,9
70107,9
70108,9
70109,7
70110,9
70111,9
71001,7
71002,7
71003,7
71004,7
71005,7
71007,7
71008,9
71009,9
71010,10
71011,9
71012,9
71013,9
71014,9
71015,9
71016,9
71017,9
71018,9
71019,9
71020,9
71021,9
71023,9
71024,9
71025,9
71026,7
71027,9
71028,7
71029,7
71030,7
71032,7
71033,7
71034,7
71035,7
71038,10
71039,10
71040,7
71041,7
71042,10
71043,10
71045,10
71046,7
71047,7
71048,7
71049,7
71050,10
71051,10
71052,10
71053,10
71054,7
71055,7
71056,7
71057,10
71058,10
71059,10
71060,7
71061,10
71062,10
71063,10
71064,10
71065,10
71066,10
71067,10
71069,10
71070,10
71071,7
71072,10
71073,10
71074,10
71075,10
71076,10
71077,10
71078,10
71079,10
71080,10
71081,10
71082,10
71083,10
71084,10
71085,10
71086,10
71087,9
71088,9
71089,9
71090,9
71091,9
71092,7
71093,10
71097,10
71098,10
71099,10
71100,7
71101,7
71102,9
71103,7
71104,7
71105,9
71106,9
71107,9
71108,10
71109,9
72001,10
72003,10
72004,10
72005,10
72006,10
72007,10
72008,10
72009,10
72010,10
72011,10
72012,10
72013,10
72014,10
72015,10
72016,10
72017,10
72018,10
72019,10
72020,10
72021,10
72022,10
72023,10
72024,10
72025,10
72026,10
72027,10
72028,10
72029,10
72030,10
72031,10
72032,10
72034,10
72035,10
72036,10
72037,10
72040,10
72041,10
72042,10
72043,10
72044,10
72045,10
72046,10
72047,10
72048,10
72049,10
72050,10
72051,10
72052,10
72053,10
72054,10
72055,10
72056,10
72057,10
72058,10
72059,10
72060,10
72061,10
72062,10
72063,10
72064,10
72065,10
72066,10
72067,10
72068,10
72069,10
72070,10
72071,10
72072,10
72073,10
72074,10
72075,10
72076,10
72077,10
72078,10
72082,9
72084,10
72085,10
72086,10
72087,10
72088,10
72089,10
72090,10
72091,10
72092,10
72093,10
72094,10
72095,10
72096,10
72097,10
73001,4
73002,4
73003,4
73004,4
73005,4
73006,4
73007,4
73008,4
73009,4
73010,4
73011,4
73012,4
73013,5
73014,4
73015,4
73016,4
73017,5
73018,4
73019,4
73020,4
73021,4
73022,4
73023,4
73024,5
73025,4
73026,4
73027,4
73028,4
73029,4
73030,5
73031,5
73032,4
73034,4
73036,4
73037,4
73038,5
73039,4
73040,4
73041,4
73042,4
73043,4
73044,5
73045,4
73046,4
73047,5
73048,5
73049,5
73050,4
73051,4
73052,4
73053,4
73054,4
73055,5
73056,4
73057,4
73058,4
73059,4
73060,4
73061,4
73062,4
73063,4
73064,4
73065,4
73066,4
73067,4
73068,5
73069,5
73070,4
73071,4
73072,4
73073,4
73074,4
73075,4
73077,4
73078,4
73079,4
73080,4
73081,4
73082,4
73084,5
73085,5
73086,4
73087,4
73088,4
73089,5
73090,5
73091,5
73092,5
73093,5
73094,4
73095,5
73096,4
73097,4
73098,4
73099,4
73100,4
73101,4
73102,4
73103,4
73104,4
73105,4
73106,4
73107,4
74001,2
74002,2
74003,2
74004,2
74005,2
74006,2
74007,2
74008,2
74009,2
74010,2
74011,2
74012,2
74013,2
74014,2
74015,2
74016,2
74017,2
74018,2
74019,2
74020,2
74021,2
74022,2
74023,2
74024,2
74025,2
74026,2
74027,2
74028,2
74029,2
74030,2
74031,2
74032,2
74033,2
74034,2
74035,2
74036,2
74037,2
74038,2
74039,4
74040,4
74041,4
74042,4
74043,4
74044,4
74045,4
74046,4
74047,4
74048,4
74050,4
74051,4
74052,4
74053,2
74054,2
74055,2
74056,2
74057,2
74058,2
74059,2
74060,2
74061,2
74062,2
74063,2
74064,2
74065,2
74066,2
74067,2
74068,2
74069,2
74070,2
74071,2
74072,2
74073,2
74074,2
74075,2
74076,2
74077,2
74078,4
74079,4
74082,4
74083,4
74084,4
74085,4
74086,4
74087,4
74088,4
74089,4
74090,4
74091,4
74092,4
74093,4
74094,4
74096,2
74098,2
74099,2
74100,2
74101,4
74102,2
74103,4
74104,4
74105,2
74106,2
74107,4
75001,2
75002,3
75003,3
75004,3
75005,3
75006,3
75007,3
75008,2
75009,3
75010,3
75011,3
75012,3
75013,3
75014,3
75015,3
75016,3
75017,3
75018,3
75019,3
75020,3
75021,3
75022,3
75023,3
75024,3
75025,3
75026,3
75027,2
75028,3
75029,3
75030,2
75031,2
75032,2
75033,2
75034,3
75035,3
75036,3
75037,3
75038,3
75039,3
75040,3
75041,3
75042,3
75043,3
75044,3
75045,3
75046,3
75047,3
75048,3
75049,3
75050,4
75051,2
75052,2
75053,2
75054,2
75055,4
75056,4
75057,4
75058,4
75059,3
75060,3
75061,3
75062,3
75063,3
75064,3
75065,3
75066,6
75067,3
75068,2
75069,3
75070,3
75071,3
75072,3
75073,3
75074,3
75075,4
75076,3
75077,3
75078,3
75079,3
75080,3
75081,3
75082,3
75083,3
75084,3
75085,3
75086,6
75087,6
75088,4
75089,6
75090,4
75091,4
75092,6
75093,6
75094,6
75097,6
75098,6
75099,6
75100,6
75101,3
75102,6
75103,6
75105,3
75107,3
75108,3
75109,2
75110,3
75111,3
75112,3
75113,3
75114,3
75115,3
76001,5
76002,5
76003,5
76004,5
76005,5
76006,5
76007,5
76008,5
76009,5
76010,5
76011,5
76012,5
76013,5
76014,5
76015,5
76016,5
76017,5
76018,5
76019,5
76020,5
76021,5
76022,5
76023,5
76024,5
76025,5
76026,5
76027,5
76028,5
76029,5
76030,5
76031,5
76032,5
76033,5
76034,5
76035,5
76036,5
76037,5
76038,5
76039,5
76040,5
76041,5
76042,5
76043,5
76044,5
76045,5
76046,5
76047,5
76048,5
76049,5
76050,5
76051,5
76052,5
76053,5
76054,5
76055,5
76056,5
76057,5
76058,5
76059,5
76060,5
76061,5
76062,5
76063,5
76064,5
76065,5
76066,5
76067,5
76068,5
76069,5
76070,5
76071,5
76072,5
76073,5
76074,5
76075,5
76076,5
76077,5
76078,5
76079,5
76080,5
76081,5
76082,5
76083,5
76084,5
76085,5
76086,5
76087,5
76088,5
76089,5
76094,4
76095,4
76097,5
76098,5
76099,5
76100,5
76101,5
76102,5
76103,5
77001,16
77002,16
77003,16
77004,16
77005,16
77006,16
77007,16
77008,16
77009,16
77010,16
77011,16
77012,16
77013,16
77014,16
77015,16
77016,16
77017,15
77018,14
77019,14
77020,14
77021,14
77022,14
77023,16
77024,14
77025,14
77026,16
77027,16
77028,16
77029,14
77030,16
77031,14
77032,14
77033,14
77035,14
77036,14
77037,14
77038,16
77039,16
77040,16
77041,16
77043,16
77044,16
77045,16
77046,16
77047,16
77048,16
77050,16
77051,16
77052,16
77053,16
77054,16
77055,16
77056,16
77057,16
77058,16
77059,16
77060,16
77061,16
77062,16
77063,16
77064,16
77065,16
77067,16
77068,16
77069,8
77070,15
77073,8
77074,16
77075,16
77076,16
77077,16
77078,16
77079,16
77080,16
77081,14
77082,16
78001,15
78002,15
78003,15
78004,15
78005,15
78006,15
78007,15
78008,15
78009,15
78010,15
78012,15
78013,15
78014,15
78015,15
78016,15
78018,14
78019,15
78020,15
78021,15
78022,14
78023,14
78024,14
78025,15
78026,15
78027,15
78028,15
78029,14
78030,11
78031,11
78032,14
78033,11
78034,11
78035,11
78037,15
78038,11
78040,15
78041,15
78043,14
78044,14
78045,14
78046,14
78047,14
78048,14
78049,14
78050,14
78051,14
78052,14
78053,14
78054,14
78056,15
78057,15
78059,14
78060,14
78061,15
78062,15
78063,15
78064,15
78065,14
78066,14
78067,11
78068,14
78069,15
78070,15
78071,15
78072,14
78073,14
79001,15
79002,15
79004,15
79005,15
79007,15
79008,15
79009,15
79010,15
79011,15
79012,15
79013,15
79014,17
79015,17
79016,17
79017,17
79018,17
79019,17
79020,15
79021,17
79022,17
79023,17
79024,17
79026,17
79027,17
79028,17
79029,15
79030,16
79031,16
79032,16
79033,16
79035,16
79036,16
79037,16
79038,16
79039,16
79041,16
79044,16
79047,17
79048,17
79049,17
79050,17
79051,17
79052,17
79056,17
79057,17
79058,17
79059,17
79060,8
79061,8
79062,17
79063,17
79064,17
79065,17
79066,17
79067,15
79068,16
79069,16
79071,16
79072,16
79074,15
79075,17
79076,17
79077,15
79080,16
79082,16
79083,15
79084,17
79085,16
79086,16
79087,15
79088,15
79089,17
80001,13
80002,13
80003,13
80004,13
80005,13
80006,13
80007,13
80008,13
80009,13
80010,13
80012,13
80013,13
80014,12
80016,13
80017,13
80019,13
80020,13
80021,13
80022,13
80023,13
80024,13
80025,13
80026,13
80027,13
80028,13
80029,13
80030,13
80031,13
80032,13
80033,13
80034,13
80035,13
80036,13
80037,13
80038,13
80039,13
80040,13
80041,13
80042,13
80043,13
80044,13
80045,13
80046,13
80047,15
80048,15
80049,15
80050,13
80051,13
80052,12
80053,12
80054,11
80055,13
80056,11
80057,12
80058,13
80059,12
80060,12
80061,12
80062,12
80063,12
80065,11
80067,13
80068,13
80069,13
80070,13
80071,13
80072,13
80073,12
80074,11
80076,11
80077,11
80079,11
80080,11
80083,11
80084,11
80085,11
80086,11
80087,11
80089,11
80090,13
80092,11
80093,13
80094,11
80095,11
81001,14
81002,14
81003,14
81004,14
81005,14
81007,14
81008,14
81010,11
81011,11
81013,11
81014,11
81016,11
81017,11
81018,11
81019,11
81020,11
81021,11
81022,11
81023,11
81024,11
81025,11
81027,11
81028,11
81029,11
81030,11
81031,11
81032,11
81038,14
81039,11
81041,11
81042,14
81043,11
81044,11
81045,11
81046,11
81048,11
81051,11
81053,11
81054,11
81056,11
81057,11
81058,11
81059,11
81060,11
81061,11
81062,11
81063,11
81064,11
81065,11
81066,11
81067,11
81069,11
81070,11
81071,11
81072,11
81073,11
81074,11
81075,11
81077,11
81078,11
81080,11
81081,11
81082,11
81083,11
81084,11
81085,11
81090,11
81091,11
81092,11
81093,11
81094,11
81095,11
81096,11
81097,11
81098,11
81099,11
81100,11
81103,11
81104,11
81105,11
82001,13
82002,13
82003,13
82004,13
82005,13
82006,13
82007,13
82008,13
82009,13
82010,13
82011,13
82012,13
82013,13
82014,13
82015,13
82016,13
82017,13
82018,13
82019,13
82020,13
82021,13
82022,13
82023,18
82024,13
82025,13
82026,13
82027,18
82028,18
82029,18
82031,18
82032,13
82033,13
82034,13
82035,13
82036,13
82037,13
82038,13
82039,13
82040,13
82041,13
82042,13
82045,13
82046,13
82047,13
82048,13
82049,13
82050,13
82051,13
82052,13
82053,13
82054,12
82055,13
82056,13
82057,13
82058,13
82059,13
82060,13
82061,13
82062,13
82063,13
82065,12
82066,12
82067,12
82068,12
82069,12
82070,12
82071,12
82072,12
82073,12
82074,12
82075,12
82076,12
82077,12
82078,12
82079,12
82080,12
82081,12
82082,12
82083,12
82084,12
82085,12
82086,12
82087,12
82088,12
82089,12
82090,12
82091,12
82092,12
82093,12
82094,12
82095,12
82096,12
82097,12
82098,12
82099,12
82100,12
82101,12
82102,12
82103,12
82106,12
82107,13
82109,12
82110,13
82111,12
82112,13
82113,13
82114,13
82115,12
82116,12
82119,13
83001,12
83002,12
83005,12
83006,12
83007,12
83008,12
83009,12
83010,12
83011,12
83012,13
83013,12
83014,12
83015,12
83016,12
83017,12
83018,12
83019,12
83020,12
83021,12
83022,12
83023,12
83024,12
83025,12
83026,12
83027,12
83028,12
83029,12
83030,12
83031,12
83032,12
83033,12
83034,12
83037,12
83039,12
83040,12
83041,12
83042,12
83043,12
83044,12
83045,12
83046,12
83047,12
83048,12
83049,12
83050,12
83051,11
83052,11
83053,12
83054,11
83055,12
83056,12
83057,12
83058,12
83059,12
83060,12
83061,12
83062,12
83063,12
83064,12
83065,12
83066,12
83067,12
83068,12
83069,12
83070,12
83071,12
83072,12
83073,12
83074,12
83075,12
83076,11
83077,12
83078,11
83079,11
83080,12
83081,12
83082,12
83083,11
83084,12
83085,12
83086,12
83087,13
83088,12
83089,12
84001,16
84002,16
84003,16
84004,16
84005,16
84006,16
84008,16
84009,16
84010,16
84011,16
84012,16
84014,16
84015,16
84016,16
84019,8
84022,8
84023,8
84024,8
84025,8
84026,8
84027,8
84028,8
84029,8
84030,8
84031,8
84032,8
84033,8
84034,17
84035,17
84036,17
84037,17
84038,17
84039,17
84040,8
84041,17
84042,8
84043,8
84044,8
84045,8
84048,17
84049,17
84050,17
84051,17
84052,17
84054,8
84055,8
84056,8
84057,8
84058,8
84059,8
84060,8
84061,8
84062,8
84063,8
84064,8
84065,8
84066,8
84067,8
84068,8
84069,8
84072,8
84074,17
84075,17
84076,8
84077,17
84079,8
84080,16
84082,16
84083,16
84084,8
84085,17
85001,18
85003,18
85004,18
85005,18
85007,18
85008,18
85009,18
85010,18
85011,18
85012,18
85013,18
85014,18
85015,18
85016,18
85017,18
85018,18
85019,18
85020,18
85021,18
85022,18
85023,18
85024,18
85025,18
85026,18
85027,18
85028,18
85029,18
85030,18
85031,18
85032,18
85033,18
85034,18
85035,22
85036,17
85039,17
85042,17
85045,17
85047,17
85048,17
85049,17
85050,17
85051,17
85052,17
85053,17
85054,17
85055,17
85056,17
85057,17
85058,17
85059,17
85060,17
85062,17
85063,18
85064,18
85065,17
85066,17
85068,17
85069,17
85070,17
85071,18
85072,17
85076,17
85077,17
85078,17
85079,22
85080,18
85081,17
85083,18
85084,17
85085,17
86001,14
86002,14
86003,14
86004,14
86005,14
86007,14
86008,14
86009,14
86010,14
86011,14
86012,14
86013,14
86014,14
86015,14
86016,14
86017,14
86018,14
86021,15
86022,14
86023,14
86024,14
86025,14
86026,14
86027,14
86028,15
86029,14
86030,15
86031,14
86032,15
86033,14
86034,14
86035,15
86036,15
86037,14
86038,14
86039,14
86040,15
86041,15
86042,15
86043,15
86044,15
86045,15
86046,15
86047,15
86048,15
86049,15
86050,15
86051,15
86052,15
86053,15
86054,15
86055,15
86056,15
86057,15
86058,14
86059,15
86060,14
86061,14
86062,14
86063,14
86064,15
86065,14
86066,14
86067,14
86068,14
86069,14
86070,15
86071,15
86072,15
87001,15
87002,15
87003,15
87004,15
87005,15
87007,15
87008,15
87009,15
87010,15
87011,15
87012,15
87013,15
87014,15
87015,15
87016,15
87017,13
87019,13
87020,13
87021,15
87022,17
87023,17
87024,18
87025,18
87026,18
87027,18
87028,18
87029,18
87030,18
87031,18
87032,18
87033,18
87034,18
87035,18
87036,18
87037,18
87038,18
87039,18
87040,18
87041,18
87042,18
87043,13
87044,13
87045,18
87046,18
87047,18
87048,18
87049,18
87050,18
87051,18
87052,18
87053,18
87054,18
87055,18
87056,18
87057,18
87058,18
87059,18
87060,18
87061,18
87062,18
87063,18
87064,18
87065,18
87066,18
87067,18
87068,18
87069,18
87070,18
87071,18
87072,18
87073,18
87074,18
87075,18
87076,18
87077,18
87078,18
87079,18
87080,18
87081,18
87082,18
87083,18
87084,18
87085,18
87086,18
87087,18
87088,18
87089,18
87090,15
87091,15
87093,15
87094,18
87095,18
87096,17
87097,18
87098,18
87099,18
87100,18
87101,18
87102,18
52040,39
52119,39
53039,34
53040,34
73076,4
73083,5
50056,34
50058,34
52038,39
52105,39
66025,2
66028,2
77049,16
77072,16
23054,32
23070,28
56003,36
56012,36
30011,30
30070,30
30027,30
30074,30
50036,33
74095,4
31002,28
31080,28
67024,6
79046,17
79078,17
72002,10
71044,10
79025,17
79043,17
73033,4
73035,4
86020,14
23022,31
23021,31
64069,51
27045,24
25064,20
49008,43
51016,38
61041,49
61071,49
32013,27
32018,27
26030,19
26032,19
86019,14
27008,29
27013,24
81047,11
81049,11
81050,11
85006,18
72038,10
72039,10
82030,18
82064,13
40046,20
25050,20
83003,12
83004,12
62001,51
64006,51
64054,51
81068,11
23023,31
23024,31
23017,32
23086,32
23016,32
23012,32
23011,32
23092,32
23007,32
23005,32
31035,31
31037,31
76090,5
76096,5
80078,11
63010,49
63036,49
63061,49
27054,24
27055,24
83035,12
83038,12
23004,32
23003,32
23080,32
81086,11
81087,11
81088,11
81089,11
77066,8
63005,51
62070,50
62073,50
63006,51
23019,32
37002,22
37004,22
23013,32
23014,32
23018,32
74049,4
81034,11
81033,11
29040,27
29069,31
51069,38
84070,8
84071,8
52099,39
52100,39
82043,13
82044,13
80018,13
80011,13
80015,13
80066,13
82108,13
74080,4
74081,4
30050,26
30062,26
23027,31
23039,31
79034,17
79040,17
79042,17
41003,48
41094,48
87006,15
79006,15
87092,15
79003,15
79081,15
81015,11
81006,14
81012,11
52024,33
30024,30
30037,26
59046,46
85061,17
85067,17
68016,8
68019,8
69101,7
69102,7
71006,7
55064,41
55105,41
37005,22
37006,26
57091,35
57093,35
68020,8
68021,8
85041,17
85043,17
85044,17
85046,17
84078,17
61049,49
61065,49
32049,28
32054,28
32056,28
32075,28
24008,23
24009,23
27058,21
40054,20
27074,21
84046,8
84047,8
27021,29
35020,21
35035,21
85002,18
85040,17
62037,51
62040,51
24059,23
24080,23
64065,50
25052,20
25053,20
25054,20
59043,46
59045,46
81035,11
81036,11
81037,11
62048,51
62062,51
51048,38
41090,48
41093,46
62055,51
62056,51
85082,17
85037,18
85038,17
61017,49
61019,49
61026,49
66086,3
66087,3
66089,3
29021,27
33030,27
29080,27
42081,45
42052,45
41055,45
28015,32
38061,32
30015,30
28077,30
55038,37
78058,15
81052,11
81055,11
71022,9
71068,9
31019,31
31020,28
33051,27
33054,27
81026,11
79045,16
84017,17
78011,15
78039,15
78042,15
81102,11
81107,11
87018,15
78055,15
79053,17
44025,40
44026,45
80075,11
80088,15
84073,17
84007,16
84013,16
48030,44
48027,44
48029,44
29066,31
29067,31
33069,27
33070,27
71037,7
58027,45
41033,45
68084,9
68106,8
61001,49
61066,49
70046,9
70054,9
84018,8
62063,50
62071,50
64017,50
64056,50
62069,50
30013,30
30073,30
42024,45
42037,45
29068,31
31074,31
84021,8
72033,10
72079,10
38048,32
38058,32
50004,33
50006,33
67005,3
67020,6
37022,26
37079,26
38033,32
38034,32
57001,35
57003,35
57098,35
52002,33
57004,33
45048,48
45050,48
71031,7
71036,7
51039,38
51052,38
49038,43
48037,43
70072,7
70079,7
81009,14
81040,11
78036,11
80081,11
80082,11
55062,42
59040,46
59050,46
48035,43
48069,43
82104,12
82105,12
27006,29
27015,24
27024,24
67100,6
75095,6
75096,6
78017,15
61022,49
61024,49
77042,16
77071,16
51045,38
51046,38
27017,24
27071,29
52031,33
52107,33
52108,39
52013,33
52033,33
52055,39
52062,39
52112,39
45069,48
45072,48
52020,33
86006,14
77034,14
83036,12
80064,12
80091,11
81101,11
52006,33
52015,33
46006,47
57016,35
57017,35
55055,37
55061,37
63019,50
63044,49
84053,17
46012,47
84020,8
79054,16
79070,16
79073,16
79090,16
68085,8
68086,8
68095,8
79055,17
79079,16
81076,11
81079,11
56037,36
56039,36
