ct,cd,tot_pov_pop,below_pov_pop
36005000100,22,0,0
36005000200,18,4453,1014
36005000400,18,6000,240
36005001600,18,5826,951
36005001901,8,2164,596
36005001902,8,1270,277
36005001903,8,0,0
36005001904,17,0,0
36005002001,18,4694,2187
36005002002,18,4184,1480
36005002300,8,4464,1881
36005002400,18,0,0
36005002500,8,5642,2557
36005002701,8,2901,1665
36005002702,8,4303,2415
36005002800,18,5338,153
36005003100,8,2165,372
36005003300,8,3289,1737
36005003500,8,3880,1496
36005003700,8,262,80
36005003800,18,1270,171
36005003900,8,6671,2656
36005004001,18,1574,303
36005004100,8,5773,2801
36005004200,18,7747,1833
36005004300,8,5514,1959
36005004400,18,4365,2214
36005004600,18,1745,880
36005004800,18,4438,1157
36005005001,18,4216,2141
36005005002,18,6347,2493
36005005100,8,6075,3260
36005005200,17,1833,763
36005005300,16,5446,3022
36005005400,17,5638,1522
36005005600,17,2168,693
36005005902,16,2730,440
36005006000,15,1295,430
36005006100,16,3955,461
36005006200,17,6710,2501
36005006301,8,5521,1605
36005006302,16,0,0
36005006400,18,4008,1400
36005006500,17,5632,2707
36005006700,17,6993,3762
36005006800,18,2765,873
36005006900,17,7249,2524
36005007000,18,4214,898
36005007100,17,2769,556
36005007200,18,6409,967
36005007300,8,4247,1740
36005007400,18,3078,903
36005007500,17,6295,2285
36005007600,18,5264,977
36005007700,17,2161,522
36005007800,18,6245,1078
36005007900,8,7151,3188
36005008300,17,6112,1306
36005008400,18,3285,211
36005008500,17,5539,1645
36005008600,18,4032,1687
36005008700,17,6202,2499
36005008900,17,3187,605
36005009000,18,3632,1194
36005009200,18,6087,1383
36005009301,17,4794,1711
36005009302,17,0,0
36005009600,18,2515,407
36005009800,18,4569,687
36005011000,13,0,0
36005011502,17,4096,1737
36005011701,17,1608,643
36005011702,17,0,0
36005011800,13,4611,410
36005011900,17,6168,1924
36005012101,17,3232,910
36005012102,17,1452,360
36005012300,17,4574,697
36005012500,17,4012,1286
36005012701,17,2178,622
36005012901,17,4772,1716
36005013000,13,1297,321
36005013100,17,5246,1948
36005013200,13,7287,487
36005013300,17,6211,1482
36005013500,17,3492,1630
36005013800,13,3077,362
36005014100,17,6366,2087
36005014300,16,1579,659
36005014400,13,5643,1838
36005014500,16,6770,3037
36005014701,16,5764,2655
36005014702,16,5157,2523
36005014900,17,4489,2046
36005015100,17,5263,1801
36005015200,13,2479,333
36005015300,17,4169,1193
36005015500,17,3089,777
36005015700,17,5146,1743
36005015800,13,1422,355
36005015900,17,2159,731
36005016000,13,3891,483
36005016100,17,4787,1913
36005016200,13,1524,108
36005016300,15,0,0
36005016400,13,1074,262
36005016500,15,1074,199
36005016600,13,2383,313
36005016700,15,3652,1339
36005016900,16,1634,633
36005017100,16,0,0
36005017300,16,6363,2611
36005017500,16,6747,2677
36005017701,16,4158,2085
36005017702,16,5412,1537
36005017901,16,4751,1342
36005017902,16,4138,1319
36005018101,16,3498,1072
36005018102,16,5458,1973
36005018301,16,4657,715
36005018302,16,3546,309
36005018400,13,4057,364
36005018501,16,3069,655
36005018502,17,6432,2914
36005018900,16,8082,3119
36005019300,16,7126,2189
36005019400,13,2162,375
36005019500,16,7680,2325
36005019700,16,7479,3456
36005019900,16,7889,2692
36005020000,18,5147,1242
36005020100,16,3748,1302
36005020200,18,2349,466
36005020400,18,3416,690
36005020501,14,7215,3978
36005020502,14,2511,549
36005020601,18,2415,674
36005020900,16,4997,1240
36005021001,18,8110,1826
36005021002,18,8192,1613
36005021100,16,5984,1826
36005021200,18,5075,1017
36005021301,14,1397,307
36005021302,16,5865,2838
36005021501,14,4240,1403
36005021502,14,6605,2271
36005021601,18,4625,908
36005021602,18,6165,1230
36005021700,14,5192,1270
36005021800,17,6123,1823
36005021900,16,945,210
36005022000,15,1915,872
36005022101,16,3974,1597
36005022102,16,5995,1687
36005022200,18,3096,760
36005022300,16,5440,1649
36005022401,13,2504,383
36005022403,13,3061,289
36005022404,13,4736,613
36005022500,16,8610,1911
36005022701,14,4790,1582
36005022702,16,1451,769
36005022703,15,1991,648
36005022800,13,6207,966
36005022901,14,5516,1538
36005022902,15,3700,1298
36005023000,13,2963,795
36005023100,15,1566,522
36005023200,13,2517,576
36005023301,14,4158,946
36005023302,15,3982,1276
36005023501,14,3325,1516
36005023502,15,4628,779
36005023600,13,1592,193
36005023702,15,1333,441
36005023703,14,5366,2577
36005023704,14,3821,1566
36005023800,13,2457,403
36005023900,14,8442,2702
36005024000,13,4561,879
36005024100,14,6914,1688
36005024300,14,5574,1708
36005024400,13,2500,315
36005024501,14,4475,1475
36005024502,14,3820,872
36005024600,13,2061,309
36005024700,16,1967,291
36005024800,13,3067,190
36005024900,14,0,0
36005025000,13,2601,270
36005025100,14,6448,1740
36005025200,13,2548,343
36005025300,14,6311,1643
36005025400,13,2183,238
36005025500,14,7700,2301
36005025600,13,1401,115
36005025700,14,1793,359
36005026100,14,2035,274
36005026300,14,6504,1246
36005026400,13,6643,843
36005026500,14,7320,1355
36005026601,13,3305,393
36005026602,13,5033,940
36005026701,14,3639,776
36005026702,14,8082,2662
36005026900,14,4072,980
36005027300,14,7583,2624
36005027401,13,5148,191
36005027402,13,3356,239
36005027600,13,52,15
36005027700,14,4338,1214
36005027900,11,8117,1300
36005028100,11,3528,276
36005028300,11,2839,1363
36005028400,13,130,86
36005028500,11,3699,483
36005028600,13,960,148
36005028700,11,3564,324
36005028800,13,3144,487
36005028900,11,4356,1366
36005029301,11,1616,48
36005029302,11,5920,490
36005029500,11,4484,595
36005029600,13,1778,154
36005029700,11,3864,142
36005030000,13,6520,697
36005030100,11,1211,98
36005030201,12,3912,331
36005030202,12,5256,249
36005030701,11,5718,129
36005030900,11,2856,152
36005031000,13,3563,245
36005031200,13,1832,68
36005031400,13,2090,39
36005031600,13,1965,245
36005031800,13,1991,158
36005031900,11,60,60
36005032300,11,4674,211
36005032400,13,3286,1457
36005032600,13,3463,404
36005032800,13,4140,839
36005033000,13,5523,1305
36005033201,15,5306,1619
36005033202,15,3322,576
36005033400,15,15,3
36005033500,11,1645,247
36005033601,12,4890,1837
36005033602,12,1356,262
36005033700,11,2640,81
36005033801,12,2256,328
36005033802,12,1705,315
36005034000,12,5670,670
36005034200,12,1664,240
36005034300,11,1712,46
36005034400,12,2153,496
36005034500,11,3540,446
36005034800,12,6184,1686
36005035000,12,2197,127
36005035100,11,2826,178
36005035600,12,2184,295
36005035800,12,8686,843
36005035900,15,2420,1041
36005036000,13,3126,129
36005036100,15,5728,3050
36005036300,15,7165,2902
36005036400,12,2641,189
36005036501,15,4234,1238
36005036502,15,2469,966
36005036700,15,2061,699
36005036800,12,2270,848
36005036901,15,2141,1031
36005036902,15,2212,1235
36005037000,12,2479,248
36005037100,15,4153,954
36005037200,12,2141,314
36005037300,15,6622,2392
36005037400,12,3918,1321
36005037504,15,3429,1277
36005037600,12,2063,483
36005037800,12,3132,753
36005037900,15,6101,2338
36005038000,12,5009,1831
36005038100,15,7697,2511
36005038200,12,2981,647
36005038301,15,5349,1028
36005038303,15,3775,1284
36005038304,15,2218,1177
36005038500,15,5016,2765
36005038600,12,9240,826
36005038700,15,3567,1282
36005038800,12,2881,672
36005038900,15,5243,2115
36005039000,12,3108,237
36005039100,15,7082,2396
36005039200,12,1717,227
36005039300,15,8676,2932
36005039400,12,4963,1113
36005039500,15,4268,1684
36005039600,12,4514,660
36005039700,15,813,252
36005039800,12,4184,780
36005039901,15,5211,1846
36005039902,15,5570,1573
36005040100,14,5008,1852
36005040302,15,5319,2029
36005040303,14,4206,1122
36005040304,14,3619,1119
36005040400,12,3264,307
36005040501,15,3929,1065
36005040502,15,7390,1966
36005040600,12,3990,625
36005040701,14,3136,706
36005040702,15,7114,1421
36005040800,12,4976,845
36005040900,11,3272,316
36005041100,11,3676,748
36005041300,11,9080,2183
36005041400,11,5312,430
36005041500,11,6052,1425
36005041800,11,3718,370
36005041900,11,6202,1559
36005042000,11,4471,1562
36005042100,11,5835,1466
36005042200,11,2873,204
36005042300,11,4395,1189
36005042400,12,2271,246
36005042500,11,6559,1819
36005042600,12,7011,592
36005042800,12,2099,228
36005042901,11,3248,1288
36005042902,11,4063,743
36005043000,11,3565,609
36005043101,11,5837,1959
36005043102,11,4601,1900
36005043400,11,3880,540
36005043501,11,1059,496
36005043502,11,0,0
36005043503,11,0,0
36005043600,11,2214,433
36005044200,11,4108,1469
36005044400,12,4715,634
36005044800,12,2225,317
36005044901,11,1995,96
36005044902,11,2146,206
36005045101,11,1480,36
36005045102,11,2159,88
36005045600,13,3609,108
36005045800,12,5328,2062
36005046000,12,2876,767
36005046203,12,6633,736
36005046204,12,6877,588
36005046205,12,3053,355
36005046206,12,4084,214
36005046207,12,6351,963
36005046208,12,5144,770
36005046209,12,5039,1781
36005048401,12,4177,202
36005048402,12,0,0
36005050400,13,0,0
36005051601,13,4417,272
36005051602,13,0,0
36047000100,33,4689,244
36047000200,38,1160,339
36047000301,33,3827,140
36047000501,33,3365,155
36047000502,33,2746,90
36047000700,33,3997,232
36047000900,33,4260,50
36047001100,33,1508,128
36047001300,33,2028,253
36047001501,35,5117,785
36047001502,33,5074,962
36047001801,38,0,0
36047001802,38,0,0
36047001803,38,0,0
36047001804,38,0,0
36047002000,38,1845,240
36047002100,33,5540,237
36047002200,38,4032,1037
36047002300,35,4261,2201
36047002901,35,4253,1897
36047003000,47,1736,142
36047003101,35,2757,198
36047003102,35,0,0
36047003300,35,4563,602
36047003400,47,3536,163
36047003500,35,2283,214
36047003600,47,3694,549
36047003700,33,3127,282
36047003800,47,1512,85
36047003900,33,2349,294
36047004100,33,3294,334
36047004300,33,3802,408
36047004400,47,2335,123
36047004500,39,3613,137
36047004600,47,1386,95
36047004700,39,1912,146
36047004900,39,2448,183
36047005000,47,2405,85
36047005100,39,2937,118
36047005201,47,1659,312
36047005202,47,2717,177
36047005301,38,2327,260
36047005302,38,91,5
36047005303,38,0,0
36047005400,47,3364,238
36047005601,47,2585,372
36047005602,47,1867,64
36047005800,47,3066,280
36047005900,38,1229,74
36047006000,47,3516,179
36047006200,47,2520,435
36047006300,39,2284,193
36047006400,47,3260,426
36047006500,39,6307,265
36047006600,47,3896,665
36047006700,39,4068,206
36047006800,47,4648,937
36047006901,33,1784,175
36047006902,39,2157,99
36047007000,47,2621,123
36047007100,39,4669,1164
36047007200,38,1843,543
36047007400,38,5464,1007
36047007500,39,4811,343
36047007600,38,5327,1191
36047007700,39,6211,184
36047007800,38,4968,829
36047008000,38,3571,422
36047008200,38,3696,666
36047008400,38,3742,559
36047008500,38,7412,3935
36047008600,38,0,0
36047008800,38,2507,322
36047009001,38,1388,262
36047009002,38,1381,129
36047009201,38,2167,534
36047009202,38,3533,1031
36047009401,38,2400,965
36047009402,38,2969,454
36047009600,38,5789,1139
36047009800,43,6195,1488
36047010000,43,5425,1162
36047010100,38,4319,667
36047010200,38,4964,788
36047010401,43,2337,471
36047010402,43,2180,1000
36047010601,43,2773,965
36047010602,43,2185,484
36047010801,43,1895,452
36047010802,43,2413,775
36047011000,38,2464,538
36047011200,38,6274,1763
36047011400,38,3119,977
36047011600,43,3480,1060
36047011700,38,2911,372
36047011800,43,1965,303
36047011901,39,1364,88
36047011902,38,0,0
36047012000,38,1286,205
36047012100,39,1989,147
36047012200,38,5762,1743
36047012600,47,2831,573
36047012700,39,3865,1143
36047012801,38,2192,513
36047012901,39,2373,201
36047012902,39,2979,291
36047013000,47,4770,588
36047013100,39,3926,396
36047013200,38,2418,413
36047013300,39,4560,125
36047013400,47,4465,524
36047013500,39,4223,114
36047013600,47,3837,175
36047013700,39,3491,229
36047013800,47,4075,368
36047013900,38,3573,161
36047014000,47,2036,361
36047014101,38,1034,140
36047014102,39,2027,184
36047014200,47,3403,564
36047014300,38,3994,224
36047014500,38,4048,261
36047014700,39,2655,307
36047014800,50,1249,92
36047014901,39,1563,101
36047014902,39,4697,286
36047015000,50,1732,204
36047015100,39,4112,63
36047015200,50,2646,338
36047015300,39,2730,197
36047015400,50,0,0
36047015500,39,3904,188
36047015700,39,4853,72
36047015900,39,5093,291
36047016000,47,4636,742
36047016100,35,3708,149
36047016200,47,2369,410
36047016300,35,3906,386
36047016400,50,1090,0
36047016500,39,6604,311
36047016600,47,1940,37
36047016700,39,4843,150
36047016800,50,2166,205
36047016900,39,5221,816
36047017000,50,3075,431
36047017100,39,4344,115
36047017200,50,3251,314
36047017400,47,2384,200
36047017500,38,0,0
36047017600,47,2602,336
36047017700,39,0,0
36047017800,38,2702,261
36047017900,35,4056,1088
36047018000,47,3253,317
36047018100,35,3775,392
36047018200,38,3612,299
36047018300,35,2744,112
36047018400,38,2288,158
36047018501,35,4759,1215
36047018600,38,2311,234
36047018700,35,1459,174
36047018800,38,2882,390
36047019000,38,5104,474
36047019100,35,2943,249
36047019200,44,2870,596
36047019300,35,4156,811
36047019400,43,3508,1087
36047019500,35,3405,426
36047019600,38,4556,1238
36047019700,35,3741,187
36047019800,38,1875,132
36047019900,35,3614,270
36047020000,38,2380,544
36047020100,35,4259,163
36047020200,38,1895,142
36047020300,35,1849,188
36047020400,38,1886,225
36047020500,35,3407,167
36047020600,38,2691,420
36047020700,35,4923,201
36047020800,38,3250,322
36047021000,43,4089,1118
36047021100,35,3008,346
36047021200,43,4309,968
36047021300,35,4346,849
36047021400,43,2439,716
36047021500,35,6271,664
36047021600,44,3945,1848
36047021700,35,3493,477
36047021800,44,2927,455
36047021900,35,3882,496
36047022000,44,5127,2857
36047022100,35,4058,982
36047022200,44,4034,2050
36047022400,39,5479,1451
36047022600,39,2478,134
36047022700,36,4244,309
36047022800,39,3962,1562
36047022900,36,4067,539
36047023000,39,4555,1841
36047023100,35,3621,324
36047023200,44,6589,2627
36047023300,36,6942,2189
36047023400,44,5026,2556
36047023500,33,5613,2626
36047023600,44,5924,2707
36047023800,44,4563,1703
36047024000,44,5920,2557
36047024100,33,2836,826
36047024200,44,2618,413
36047024300,36,4440,530
36047024400,44,3570,1223
36047024500,36,4513,445
36047024600,44,3011,345
36047024700,36,2594,425
36047024800,43,2506,225
36047024900,36,4135,832
36047025000,43,1907,251
36047025100,36,4032,940
36047025200,43,5501,989
36047025300,36,4003,733
36047025400,43,3306,588
36047025500,36,5524,1776
36047025600,43,3125,821
36047025700,36,2584,502
36047025800,43,4849,1318
36047025901,36,2077,487
36047025902,36,3672,1637
36047026000,43,3354,311
36047026100,36,5353,2067
36047026200,43,2819,198
36047026300,36,2079,446
36047026400,43,4378,594
36047026500,36,4187,619
36047026600,43,3633,534
36047026700,36,4424,360
36047026800,43,4912,782
36047026900,36,3237,471
36047027000,43,2519,883
36047027100,36,3523,586
36047027200,43,3803,665
36047027300,36,3895,385
36047027400,43,3356,549
36047027500,36,5009,866
36047027600,43,3938,602
36047027700,36,4468,1126
36047027800,38,3337,406
36047027900,36,3454,653
36047028000,47,1946,220
36047028100,36,5169,1640
36047028200,47,3623,557
36047028300,36,3966,1251
36047028400,38,3614,530
36047028501,36,344,106
36047028502,36,3173,1320
36047028600,47,5797,1733
36047028700,36,3486,827
36047028800,43,3649,721
36047028900,36,3777,1122
36047029000,43,3852,1326
36047029100,36,3519,493
36047029200,47,2766,559
36047029300,36,3553,611
36047029400,47,2128,390
36047029500,36,4113,789
36047029600,43,6037,1906
36047029700,36,4720,764
36047029800,43,4387,1099
36047029900,41,2217,769
36047030000,43,4415,783
36047030100,41,3340,896
36047030200,43,4448,717
36047030300,41,4936,1368
36047030400,47,4528,965
36047030500,35,6858,601
36047030600,47,1985,307
36047030700,41,7250,3142
36047030800,47,1944,177
36047030900,36,2410,498
36047031100,36,3014,756
36047031300,36,5004,815
36047031401,47,5152,317
36047031402,47,0,0
36047031500,36,5342,550
36047031701,36,3792,254
36047031702,35,3820,338
36047031900,35,3100,274
36047032100,35,5241,606
36047032300,35,3550,720
36047032500,35,6321,1399
36047032600,47,7510,3217
36047032700,40,2870,474
36047032800,47,2848,639
36047032900,40,6174,1498
36047033000,47,5007,2115
36047033100,35,4441,1127
36047033300,35,4578,871
36047033500,35,2860,537
36047033600,47,5074,812
36047033701,35,2465,127
36047033702,35,1548,326
36047033900,35,4687,1197
36047034000,47,1460,737
36047034100,36,2931,575
36047034200,47,6530,2621
36047034300,36,5340,2095
36047034500,36,2785,417
36047034700,36,3664,761
36047034800,47,2851,874
36047034901,41,1937,155
36047034902,41,3904,809
36047035000,48,3355,613
36047035101,35,2565,796
36047035102,35,2659,431
36047035200,47,1082,607
36047035301,35,2731,704
36047035302,35,3009,147
36047035400,47,6315,710
36047035500,41,5772,844
36047035601,48,2879,496
36047035602,48,5875,472
36047035701,41,2414,653
36047035702,41,0,0
36047035900,41,5929,1305
36047036001,48,3055,846
36047036002,48,4306,1353
36047036100,41,2902,1087
36047036200,48,3852,925
36047036300,41,5861,1940
36047036400,48,2441,398
36047036501,41,3299,726
36047036502,37,1653,546
36047036600,48,4076,1434
36047036700,37,1942,386
36047036900,37,5815,1579
36047037000,48,4295,730
36047037100,41,5344,918
36047037300,41,4816,1466
36047037401,47,4735,740
36047037402,47,4967,703
36047037500,41,3264,425
36047037700,41,5183,998
36047037900,41,5046,1271
36047038100,41,5605,1231
36047038200,47,6186,2960
36047038300,41,5572,1205
36047038500,41,4556,587
36047038600,47,3336,405
36047038700,36,4147,1380
36047038800,44,4691,845
36047038900,34,3072,579
36047039000,44,2592,411
36047039100,34,3844,780
36047039200,48,3370,303
36047039300,34,4284,735
36047039400,44,2184,645
36047039500,37,3838,1214
36047039600,44,2090,362
36047039700,37,3076,778
36047039800,44,3078,539
36047039900,37,4505,977
36047040000,44,3034,435
36047040100,37,3409,1151
36047040200,43,2936,548
36047040300,37,4085,895
36047040400,43,2563,336
36047040500,37,1584,253
36047040600,43,3992,552
36047040700,37,0,0
36047040800,43,3862,367
36047040900,37,4358,1539
36047041000,44,2047,335
36047041100,37,3762,714
36047041200,44,3454,907
36047041300,37,3646,734
36047041401,44,1396,272
36047041402,44,2052,419
36047041500,37,4472,924
36047041600,48,2178,243
36047041700,37,3330,820
36047041800,44,2746,524
36047041900,37,3866,1242
36047042000,44,1803,293
36047042100,37,4505,696
36047042200,44,3624,771
36047042300,34,3757,430
36047042400,44,3753,583
36047042500,34,3398,761
36047042600,43,4699,1193
36047042700,34,4690,819
36047042800,43,3892,361
36047042900,34,5558,1426
36047043000,43,3738,590
36047043100,37,4695,849
36047043200,43,4504,475
36047043300,37,3764,1213
36047043400,44,4014,1238
36047043500,37,5191,1131
36047043600,44,5057,994
36047043700,37,5986,1157
36047043800,44,2453,343
36047043900,37,3897,542
36047044000,44,2952,578
36047044100,37,5479,1757
36047044200,44,2499,482
36047044300,37,4537,752
36047044400,44,3900,1066
36047044500,34,4519,706
36047044600,44,2055,219
36047044700,34,2487,1055
36047044800,44,1884,202
36047044901,34,2884,705
36047044902,34,0,0
36047045000,44,982,353
36047045200,44,2766,232
36047045300,34,2283,996
36047045400,44,1737,249
36047045600,44,2202,451
36047045800,44,1196,144
36047046000,45,3529,442
36047046201,40,2287,323
36047046202,44,1927,222
36047046400,44,2847,1001
36047046800,44,2213,413
36047047000,44,2527,307
36047047200,44,2964,588
36047047400,44,2590,855
36047047600,44,3104,500
36047047700,34,3974,423
36047047800,44,4379,644
36047048000,40,3324,1248
36047048100,34,3053,349
36047048200,40,5545,895
36047048400,40,5840,1251
36047048500,34,2329,538
36047048600,39,3556,715
36047048800,39,4351,577
36047048900,34,3709,1453
36047049000,39,5561,898
36047049100,34,6993,2433
36047049200,39,2936,707
36047049301,34,2408,1071
36047049302,34,5262,1968
36047049400,39,5140,578
36047049500,34,2522,483
36047049600,39,3842,505
36047049700,34,3076,166
36047049800,39,4036,228
36047049900,33,2088,168
36047050001,39,2246,18
36047050002,39,1966,42
36047050100,34,3373,493
36047050202,39,2460,242
36047050300,34,2910,295
36047050401,40,3171,336
36047050402,40,1758,165
36047050500,34,4136,1137
36047050600,40,5754,902
36047050700,33,3780,1320
36047050801,40,3718,706
36047050803,40,2749,437
36047050804,40,6597,635
36047050900,33,6003,3365
36047051001,40,4491,695
36047051002,40,4038,333
36047051100,34,4462,1027
36047051200,40,6470,1070
36047051300,34,5825,946
36047051400,40,7733,1207
36047051500,33,2790,218
36047051601,45,5115,907
36047051602,40,3652,392
36047051700,33,2857,200
36047051800,40,3440,399
36047051900,34,5257,310
36047052000,40,3951,467
36047052300,34,5376,917
36047052500,34,3321,994
36047052600,40,4328,588
36047052700,34,6909,1076
36047052800,45,1920,208
36047052900,33,2915,1324
36047053000,44,4127,1168
36047053101,33,2915,1469
36047053102,33,6244,2878
36047053200,44,2759,431
36047053300,33,6367,3239
36047053400,44,4740,872
36047053500,34,4033,2048
36047053700,33,4097,1614
36047053800,44,5754,597
36047053900,33,2878,1594
36047054200,48,4138,675
36047054300,33,0,0
36047054400,48,4140,437
36047054500,34,7650,4748
36047054600,48,5427,1047
36047054700,34,6689,2076
36047054800,48,2234,385
36047054900,34,4536,1087
36047055000,48,3768,586
36047055100,34,5412,753
36047055200,48,3625,416
36047055300,34,3060,659
36047055400,48,4252,558
36047055500,33,9345,585
36047055600,48,4068,1171
36047055700,33,1834,141
36047055800,48,2504,504
36047056000,48,3648,525
36047056100,33,3751,222
36047056200,48,1936,11
36047056301,33,4384,651
36047056302,33,1638,216
36047056400,48,2726,269
36047056500,33,3397,181
36047056600,46,2679,571
36047056800,46,1440,268
36047056900,33,1734,40
36047057000,46,3630,383
36047057100,33,4036,204
36047057200,46,5394,1832
36047057300,33,2535,290
36047057400,46,2983,329
36047057500,33,4402,578
36047057600,48,3150,317
36047057800,48,2944,639
36047057901,33,1268,308
36047057902,33,0,0
36047058000,48,4214,1054
36047058200,48,2697,206
36047058400,48,3655,232
36047058600,48,2760,468
36047058800,48,3528,283
36047058901,33,1804,121
36047058902,33,0,0
36047059000,48,2025,459
36047059100,33,3940,199
36047059200,48,4190,715
36047059300,33,2396,302
36047059402,48,5922,410
36047059403,48,3456,451
36047059404,48,4310,581
36047059600,48,2445,316
36047059800,46,3712,656
36047060000,48,6344,619
36047060600,48,2855,399
36047060800,48,3926,458
36047061002,48,5247,626
36047061003,48,1842,556
36047061004,48,6218,1007
36047061200,48,1156,41
36047061600,48,1115,12
36047062000,48,2021,130
36047062200,48,2616,380
36047062600,46,3105,251
36047062800,46,5009,392
36047063200,46,1471,196
36047063600,46,1254,102
36047063800,46,2248,104
36047064000,46,1768,58
36047064200,48,2617,639
36047064400,46,2973,498
36047064600,45,2337,72
36047064800,45,2430,203
36047065000,45,1517,137
36047065200,46,1173,18
36047065400,46,1592,72
36047065600,46,1900,65
36047065800,46,1853,168
36047066000,46,2100,19
36047066200,46,1392,73
36047066600,46,0,0
36047067000,46,2928,292
36047067200,46,1713,72
36047067400,46,1968,81
36047067600,46,1847,242
36047067800,46,3311,384
36047068000,46,2096,37
36047068200,46,2579,198
36047068600,46,1721,66
36047068800,46,1866,52
36047069000,46,2001,133
36047069200,46,2341,54
36047069601,46,3400,174
36047069602,46,5748,507
36047069800,46,1512,22
36047070000,46,1344,43
36047070201,46,5775,158
36047070202,46,20,0
36047070203,42,0,0
36047070601,46,3468,101
36047070602,46,0,0
36047072000,46,2109,536
36047072200,45,3165,651
36047072400,45,1939,109
36047072600,45,2392,152
36047072800,46,3791,306
36047073000,45,2675,49
36047073200,45,2175,328
36047073400,45,1720,15
36047073600,45,3186,376
36047073800,45,3863,282
36047074000,45,3940,723
36047074200,45,3137,386
36047074400,45,3084,98
36047074600,45,2596,141
36047074800,45,1725,347
36047075000,45,3100,128
36047075200,45,1076,0
36047075400,45,1262,21
36047075600,45,2121,137
36047075800,44,1742,93
36047076000,45,2935,519
36047076200,44,4572,1329
36047076400,45,4226,875
36047076600,45,2182,183
36047076800,44,3974,523
36047077000,45,2389,193
36047077200,45,3536,428
36047077400,45,3441,371
36047077600,45,3882,137
36047078000,45,2407,51
36047078200,45,4349,593
36047078400,45,2767,188
36047078601,45,2475,418
36047078602,45,2112,385
36047078801,45,2150,295
36047078802,45,1766,344
36047079001,45,1747,150
36047079002,45,3036,477
36047079201,40,1200,123
36047079202,40,2255,470
36047079400,40,1952,422
36047079601,40,3681,520
36047079602,40,5294,914
36047079801,40,3198,91
36047079802,40,5129,686
36047080000,40,3692,466
36047080200,40,4986,345
36047080400,40,3238,388
36047080600,40,3466,632
36047080800,40,1246,721
36047081000,40,2361,354
36047081400,40,2647,202
36047081600,40,2898,349
36047081800,40,4012,435
36047082000,40,5429,1182
36047082200,40,7427,899
36047082400,40,5104,605
36047082600,40,4905,769
36047082800,45,3524,317
36047083000,45,6490,654
36047083200,45,2129,170
36047083400,45,1637,176
36047083600,45,2031,184
36047083800,45,2097,150
36047084000,45,2599,142
36047084600,45,1905,75
36047084800,45,1641,173
36047085000,45,1747,174
36047085200,45,24,0
36047085400,45,1988,194
36047085600,45,3947,854
36047085800,40,1994,106
36047086000,45,3321,162
36047086200,45,3008,405
36047086400,41,2922,384
36047086600,41,3275,496
36047086800,41,3366,571
36047087000,41,3253,680
36047087200,40,3022,604
36047087401,40,3664,812
36047087600,41,1811,371
36047087800,41,2430,465
36047088001,41,1681,225
36047088002,41,1187,90
36047088200,41,6411,539
36047088400,41,4640,1569
36047088600,41,4041,1020
36047088800,42,4191,908
36047089000,41,6223,824
36047089200,41,3118,1330
36047089400,41,3357,1092
36047089600,41,3272,1319
36047089800,41,2227,442
36047090000,41,4517,1657
36047090200,41,3443,1289
36047090600,41,3476,1399
36047090800,37,5416,3147
36047091000,41,4593,2112
36047091200,41,5312,2245
36047091600,41,3664,1317
36047091800,41,2340,660
36047092000,42,2247,633
36047092200,42,2335,173
36047092400,41,2601,654
36047092800,42,2745,219
36047093000,42,3026,276
36047093200,45,1537,308
36047093400,42,2585,229
36047093600,45,1679,97
36047093800,45,2736,237
36047094401,45,3310,494
36047094402,45,3314,1024
36047094600,45,1888,93
36047095000,45,2737,235
36047095400,46,4340,350
36047095600,46,4524,482
36047095800,46,3378,365
36047096000,42,0,0
36047096200,42,1660,119
36047096400,46,2457,317
36047096600,46,2513,544
36047096800,46,1511,124
36047097000,42,2696,371
36047097400,46,2464,395
36047098200,42,4526,2109
36047098400,46,2210,74
36047098600,46,2857,260
36047098800,46,3022,168
36047099000,46,1732,316
36047099200,46,2483,274
36047099400,46,2057,159
36047099600,46,3496,189
36047099800,46,4005,179
36047100400,46,3004,242
36047100600,46,2809,281
36047100800,46,2226,152
36047101000,46,2284,470
36047101200,46,2324,203
36047101400,46,2152,172
36047101600,46,1697,38
36047101800,46,2176,105
36047102000,46,2261,74
36047102200,46,2364,83
36047102400,46,2245,309
36047102600,46,3191,295
36047102801,46,1599,117
36047102802,46,0,0
36047103401,46,4379,2049
36047103402,46,0,0
36047105801,42,6074,2206
36047105804,42,6752,1226
36047107001,42,2990,558
36047107002,42,0,0
36047107003,42,0,0
36047107800,42,4656,451
36047109800,42,2460,673
36047110400,42,4754,1007
36047110600,42,4994,2099
36047111000,42,3120,721
36047111600,42,3268,475
36047111800,42,3926,808
36047112000,42,3353,984
36047112200,42,2920,1157
36047112400,42,3938,940
36047112600,42,3952,1142
36047112800,42,4024,1590
36047113000,42,4087,783
36047113200,42,2307,276
36047113400,42,2552,859
36047114201,37,1463,185
36047114202,37,3001,866
36047114400,37,2842,987
36047114600,37,3119,755
36047115000,42,2839,461
36047115200,42,3664,554
36047115600,42,4281,1461
36047115800,42,3020,689
36047116000,42,2771,777
36047116200,42,2728,725
36047116400,42,4024,707
36047116600,42,3015,385
36047116800,37,2538,359
36047117000,37,1914,953
36047117201,37,2408,632
36047117202,37,4385,566
36047117400,37,3919,791
36047117601,37,3333,494
36047117602,37,2776,449
36047117800,37,1889,250
36047118000,37,0,0
36047118201,37,3329,477
36047118202,37,3581,735
36047118400,37,4899,703
36047118600,37,3464,276
36047118800,37,4757,948
36047119000,37,2366,871
36047119200,37,3421,542
36047119400,42,5898,1991
36047119600,42,5089,1382
36047119800,37,3436,1205
36047120000,42,2626,537
36047120200,37,2134,323
36047120801,42,5642,543
36047120802,42,4556,1460
36047120803,42,1739,204
36047121000,42,4237,2261
36047121400,42,4720,2292
36047122000,42,6741,1398
36047123700,33,8372,4384
36047150200,39,2807,129
36047152200,40,3577,127
36047990100,,0,0
36061000100,1,0,0
36061000201,1,2693,1474
36061000202,1,6771,2096
36061000500,1,0,0
36061000600,1,10576,4075
36061000700,1,8653,299
36061000800,1,9184,2648
36061000900,1,1905,151
36061001001,1,1615,16
36061001002,2,5520,2449
36061001200,1,4316,936
36061001300,1,4844,428
36061001401,1,3009,247
36061001402,1,3132,906
36061001501,1,7329,595
36061001502,1,7640,534
36061001600,1,8132,973
36061001800,1,6884,989
36061002000,2,5015,2031
36061002100,1,7342,122
36061002201,2,6662,2221
36061002202,2,2422,335
36061002400,2,4385,2627
36061002500,1,5267,2661
36061002601,2,4171,1282
36061002602,2,3666,721
36061002700,1,1247,212
36061002800,2,6453,1312
36061002901,1,68,40
36061002902,1,4197,1346
36061003001,1,3718,724
36061003002,2,3126,756
36061003100,1,1537,136
36061003200,2,8000,1216
36061003300,1,5647,80
36061003400,2,6981,2144
36061003601,1,2940,498
36061003602,2,3248,751
36061003700,3,3338,154
36061003800,2,7810,1112
36061003900,1,6814,460
36061004001,2,2923,269
36061004002,2,4575,939
36061004100,1,7485,1097
36061004200,2,2517,369
36061004300,1,3788,559
36061004400,4,16629,2187
36061004500,1,1189,120
36061004700,1,2698,215
36061004800,2,5367,428
36061004900,1,4410,406
36061005000,2,4978,282
36061005200,2,2397,196
36061005400,3,4815,204
36061005501,2,4511,747
36061005502,2,1912,196
36061005600,2,4156,734
36061005700,2,3007,85
36061005800,3,4001,507
36061005900,2,4104,286
36061006000,4,5698,140
36061006100,2,3819,155
36061006200,4,3515,719
36061006300,2,6177,382
36061006400,2,7087,1089
36061006500,2,4884,403
36061006600,2,11802,1086
36061006700,3,5076,207
36061006800,2,7226,855
36061006900,3,2126,89
36061007001,4,3410,93
36061007002,2,4292,598
36061007100,3,5166,304
36061007200,2,7660,355
36061007300,3,5428,534
36061007400,4,4231,295
36061007500,3,3610,244
36061007600,3,2258,268
36061007700,3,5849,443
36061007800,4,9494,373
36061007900,3,4170,336
36061008000,4,5174,356
36061008100,3,7245,321
36061008200,4,3567,201
36061008300,3,4073,921
36061008400,4,1464,111
36061008601,4,3042,473
36061008602,4,0,0
36061008603,4,5226,172
36061008700,3,6216,567
36061008800,4,8108,385
36061008900,3,5289,893
36061009000,4,7775,670
36061009100,3,6656,1098
36061009200,4,1501,47
36061009300,3,10151,1426
36061009400,4,90,12
36061009500,3,2227,112
36061009600,4,220,5
36061009700,3,4601,602
36061009800,4,7426,981
36061009901,3,1874,59
36061009902,3,3210,185
36061009903,3,722,70
36061010000,4,1747,88
36061010100,3,1683,295
36061010200,4,214,26
36061010300,3,2565,295
36061010400,4,828,41
36061010601,4,7632,262
36061010602,5,4812,97
36061010801,4,2551,87
36061010802,4,4432,242
36061010803,4,1335,42
36061010900,3,251,64
36061011000,5,7552,367
36061011100,3,4540,383
36061011201,4,919,80
36061011202,4,491,5
36061011203,4,1206,64
36061011300,3,107,58
36061011401,4,1212,49
36061011402,4,2239,78
36061011500,3,3363,494
36061011600,5,3636,355
36061011700,3,4900,301
36061011800,5,9547,745
36061011900,3,1152,540
36061012000,4,3013,214
36061012101,3,2886,439
36061012102,3,5053,611
36061012200,4,2986,118
36061012400,5,9779,362
36061012500,3,2378,298
36061012601,5,7106,234
36061012602,5,4847,158
36061012700,3,7298,986
36061012800,4,5571,464
36061012901,3,6984,796
36061012902,3,2374,379
36061013000,4,3595,165
36061013100,3,2780,237
36061013201,5,2496,167
36061013202,5,3603,341
36061013203,5,4452,1221
36061013300,3,6471,906
36061013400,5,11272,1388
36061013501,3,4936,853
36061013502,6,5481,1447
36061013601,5,1714,49
36061013602,5,6756,175
36061013603,5,4069,19
36061013604,5,4042,338
36061013700,6,6579,509
36061013800,5,12419,604
36061013900,6,10201,807
36061014000,4,7436,323
36061014200,4,4747,235
36061014300,6,0,0
36061014401,5,4644,100
36061014402,5,7028,373
36061014500,6,5539,336
36061014601,5,4305,375
36061014602,5,7878,622
36061014700,6,3041,211
36061014801,4,2751,104
36061014802,4,6615,249
36061014900,6,5051,667
36061015001,4,2001,85
36061015002,4,4707,188
36061015101,6,3747,1041
36061015102,6,7426,1306
36061015200,5,8122,1413
36061015301,6,4450,215
36061015302,6,5431,294
36061015401,5,5071,274
36061015402,5,3579,155
36061015403,5,5211,514
36061015501,6,5197,421
36061015502,6,5095,628
36061015601,8,5139,587
36061015602,8,2193,603
36061015700,6,9966,587
36061015801,5,4644,318
36061015802,8,3317,248
36061015900,6,8606,587
36061016001,5,3127,72
36061016002,8,2903,109
36061016100,6,6544,319
36061016200,8,9049,2644
36061016300,6,7575,355
36061016400,8,8041,3740
36061016500,6,7431,730
36061016600,8,5655,2026
36061016700,6,6966,687
36061016800,8,4502,1871
36061016900,6,7921,630
36061017000,8,8926,2004
36061017100,6,9358,1229
36061017200,8,5109,1309
36061017300,6,8867,688
36061017401,9,4870,1404
36061017402,8,2759,681
36061017500,6,10154,368
36061017700,6,10581,1089
36061017800,8,4065,958
36061017900,6,9116,276
36061018000,8,7048,2669
36061018100,7,9064,430
36061018200,8,7212,2695
36061018300,7,8573,1168
36061018400,8,7753,2390
36061018500,7,5155,337
36061018600,9,5894,1961
36061018700,7,9831,1075
36061018800,8,4939,1494
36061018900,7,10752,4197
36061019000,9,3722,647
36061019100,7,8809,673
36061019200,8,4005,1900
36061019300,7,10483,1874
36061019400,8,6379,2315
36061019500,7,7487,797
36061019600,9,3619,1260
36061019701,7,879,246
36061019702,9,3054,679
36061019800,9,2387,131
36061019900,7,6504,1364
36061020000,9,3233,418
36061020101,7,711,55
36061020102,9,4125,651
36061020300,7,1073,286
36061020500,7,2883,147
36061020600,9,3716,945
36061020701,7,2220,510
36061020800,9,5710,990
36061020901,7,3674,1457
36061021000,9,7179,2479
36061021100,7,9946,2141
36061021200,9,3993,605
36061021303,7,6546,1134
36061021400,9,3034,500
36061021500,9,4136,843
36061021600,9,9325,1876
36061021703,9,0,0
36061021800,9,5979,1056
36061021900,7,6386,2900
36061022000,9,6540,831
36061022102,9,2670,194
36061022200,9,3616,885
36061022301,7,7758,1297
36061022302,7,3077,1018
36061022400,9,7592,2362
36061022500,7,11080,2702
36061022600,9,5345,1282
36061022700,9,5207,1410
36061022800,9,6154,905
36061022900,7,9265,2852
36061023000,9,9027,2720
36061023100,9,6888,1432
36061023200,9,9153,4051
36061023300,7,7450,1128
36061023400,9,5005,1435
36061023501,9,7293,1042
36061023502,9,1716,408
36061023600,9,7869,1234
36061023700,7,6222,2238
36061023802,5,4510,387
36061023803,5,3483,330
36061023804,5,2981,50
36061023900,10,3433,549
36061024000,8,1493,1157
36061024100,7,8424,1147
36061024200,8,5500,1352
36061024301,10,4951,674
36061024302,9,7183,2731
36061024500,10,14951,3724
36061024700,7,6632,917
36061024900,10,990,76
36061025100,10,2627,775
36061025300,10,11236,2040
36061025500,10,5143,983
36061025700,9,5015,506
36061025900,9,4033,466
36061026100,10,13180,3004
36061026300,10,9690,2269
36061026500,10,8784,693
36061026700,10,1632,214
36061026900,10,9288,1193
36061027100,10,9075,1238
36061027300,10,7620,357
36061027500,10,3054,156
36061027700,10,5678,2252
36061027900,10,11410,1875
36061028100,10,3171,65
36061028300,10,8286,1339
36061028500,10,8746,1977
36061028700,10,4580,682
36061029100,10,12406,2699
36061029300,10,10138,1760
36061029500,10,8063,385
36061029700,10,0,0
36061029900,10,3757,1049
36061030300,10,4393,476
36061030700,10,4040,184
36061030900,10,11739,3441
36061031100,10,0,0
36061031703,1,6419,286
36061031704,1,10558,245
36061031900,1,0,0
36081000101,26,5006,288
36081000102,26,5323,125
36081000103,26,0,0
36081000104,26,240,179
36081000200,32,2655,350
36081000400,32,4692,448
36081000600,32,4361,718
36081000701,26,3024,83
36081000702,26,3651,196
36081000800,32,3312,267
36081001000,32,4834,390
36081001200,32,3816,157
36081001400,32,4159,320
36081001600,32,2477,193
36081001800,32,3058,397
36081001901,26,1339,0
36081001902,26,4143,417
36081001903,26,1525,160
36081002000,32,1746,237
36081002200,32,2587,377
36081002400,29,2437,461
36081002500,26,6046,1734
36081002600,29,2149,150
36081002800,29,3431,303
36081003000,32,1679,180
36081003100,26,1188,146
36081003200,32,1681,555
36081003301,26,2675,163
36081003302,26,1008,237
36081003400,32,2563,570
36081003600,32,3789,417
36081003700,26,0,0
36081003800,32,2761,359
36081003900,22,1363,207
36081004001,32,2231,280
36081004002,32,1839,282
36081004200,32,4136,590
36081004300,26,2054,726
36081004401,32,4238,803
36081004500,22,3145,170
36081004700,26,3917,508
36081005000,32,0,0
36081005100,26,2294,111
36081005200,32,2802,304
36081005300,22,5590,509
36081005400,32,6399,469
36081005500,26,1215,90
36081005700,26,4460,660
36081005800,32,6643,566
36081005900,22,3956,472
36081006100,22,5432,201
36081006201,32,5920,337
36081006202,32,6739,986
36081006300,22,5715,618
36081006501,22,3242,265
36081006502,22,3923,798
36081006900,22,3659,485
36081007100,22,3114,333
36081007300,22,3862,346
36081007500,22,4344,382
36081007700,22,2012,334
36081007900,22,2649,535
36081008100,22,1080,105
36081008300,22,2211,82
36081008500,26,1137,197
36081008600,32,2830,531
36081008700,22,3115,1342
36081008800,32,3894,409
36081009100,22,2170,188
36081009400,28,3195,680
36081009500,22,2126,160
36081009600,28,3470,340
36081009700,22,3981,414
36081009800,29,2759,222
36081009900,22,0,0
36081010000,28,4247,405
36081010100,22,2463,73
36081010200,28,2833,357
36081010300,22,4397,672
36081010400,28,3397,500
36081010500,22,5073,1105
36081010600,28,3774,234
36081010701,22,0,0
36081010800,29,3370,697
36081011000,29,3157,334
36081011100,22,3092,312
36081011200,29,2603,244
36081011300,22,4553,388
36081011400,29,1636,180
36081011500,22,2498,111
36081011600,29,2112,374
36081011700,22,3850,382
36081011800,29,2650,277
36081011900,22,1516,118
36081012000,29,2301,271
36081012100,22,2041,137
36081012200,29,3504,505
36081012301,22,2960,252
36081012400,29,3381,274
36081012500,22,1557,34
36081012601,29,2955,130
36081012602,29,2781,278
36081012800,29,2276,160
36081013000,29,1861,128
36081013200,29,2031,258
36081013400,29,5503,588
36081013500,22,1172,126
36081013600,29,2044,109
36081013700,22,1880,26
36081013800,29,3815,400
36081014000,29,3757,227
36081014100,22,1680,138
36081014201,29,4534,475
36081014202,29,2267,472
36081014300,22,3867,468
36081014400,29,1810,156
36081014500,22,2585,384
36081014700,22,2862,165
36081014800,29,1637,233
36081014900,22,2152,176
36081015000,29,2435,263
36081015100,22,2830,284
36081015200,29,2835,292
36081015300,22,1824,211
36081015400,29,1945,164
36081015500,22,2219,77
36081015600,29,3037,445
36081015700,26,1313,143
36081015801,28,3631,255
36081015802,28,5114,293
36081015900,22,3250,317
36081016100,22,2589,145
36081016300,26,3675,725
36081016400,28,3944,459
36081016600,28,3990,251
36081016800,28,3597,418
36081016900,26,5893,570
36081017000,28,2674,221
36081017101,26,0,0
36081017102,26,31,27
36081017200,28,2129,186
36081017400,28,2483,190
36081017600,28,2255,382
36081017800,28,2284,161
36081017901,26,1114,361
36081017902,26,11,5
36081018000,28,1180,182
36081018101,26,4013,519
36081018102,26,3389,190
36081018200,28,2681,495
36081018300,26,5613,762
36081018401,28,2158,382
36081018402,28,2628,336
36081018501,26,3429,392
36081018502,26,3152,211
36081018600,28,2024,207
36081018700,26,2890,275
36081018800,28,1363,125
36081018900,26,3400,270
36081019000,28,2679,300
36081019200,28,2185,188
36081019400,28,3185,249
36081019600,28,3374,653
36081019800,28,2972,156
36081019901,26,228,27
36081019902,26,7,0
36081019903,26,0,0
36081020200,28,1752,76
36081020400,28,2158,367
36081020500,26,1300,120
36081020600,27,1729,202
36081020800,27,3262,196
36081021200,24,2907,784
36081021400,24,6025,1431
36081021601,29,2730,124
36081021602,29,1782,361
36081021603,29,0,0
36081021900,26,0,0
36081022001,24,6563,941
36081022002,24,7405,763
36081022900,26,0,0
36081023000,24,1975,121
36081023200,24,5542,383
36081023501,26,4382,265
36081023502,26,2885,313
36081023600,24,3372,452
36081023800,27,5264,1008
36081024000,27,7106,1096
36081024300,26,5171,263
36081024500,26,5095,277
36081024600,27,0,0
36081024700,26,1438,152
36081024900,26,4569,552
36081025100,26,6066,387
36081025301,26,4385,395
36081025302,26,3417,444
36081025401,28,4680,489
36081025402,28,6572,1219
36081025500,26,1612,153
36081025700,26,1650,279
36081025800,27,2212,284
36081025900,26,3542,187
36081026000,28,2984,169
36081026100,26,7555,691
36081026200,28,1505,196
36081026300,26,5360,36
36081026400,28,2668,419
36081026501,25,2936,483
36081026502,26,1220,43
36081026600,27,1791,533
36081026700,25,5484,698
36081026901,25,4996,469
36081026902,25,3817,654
36081027000,28,2227,88
36081027101,25,5389,465
36081027102,25,3323,366
36081027200,28,2210,192
36081027301,21,3158,877
36081027302,21,4558,784
36081027400,28,1934,462
36081027500,25,6631,1296
36081027600,28,1586,209
36081027701,21,3704,673
36081027702,25,4096,295
36081027800,28,2539,810
36081027900,25,7347,643
36081028000,28,1460,138
36081028100,25,6085,975
36081028200,28,2116,185
36081028300,25,7721,904
36081028400,28,4311,169
36081028500,25,5036,525
36081028700,25,7003,1373
36081028801,28,2830,61
36081028802,28,2195,303
36081028803,28,0,0
36081028900,25,5631,394
36081029100,25,5964,589
36081029300,25,1234,66
36081029400,28,7249,501
36081029500,25,3953,259
36081029700,22,1912,124
36081029900,22,0,0
36081030600,31,4762,344
36081030903,25,5069,301
36081030904,22,2691,318
36081030905,25,2833,148
36081030906,25,3314,475
36081031700,22,5341,242
36081032000,31,4674,830
36081032700,25,3405,577
36081032800,31,2850,246
36081032900,22,3238,411
36081033000,31,7606,448
36081033100,21,0,0
36081033401,27,4065,406
36081033403,28,4629,613
36081033404,28,5527,794
36081033405,28,2675,113
36081033700,25,2352,39
36081033900,25,2773,550
36081034700,21,2749,367
36081035100,25,3653,506
36081035200,27,2938,365
36081035300,21,2208,391
36081035700,21,3554,471
36081035800,31,4881,262
36081036100,21,2129,135
36081036300,21,1992,221
36081036500,21,2697,577
36081036600,27,2865,269
36081036700,21,2142,329
36081036800,27,2692,192
36081037100,21,1289,88
36081037300,21,2284,305
36081037501,21,1600,274
36081037502,21,2705,345
36081037600,27,6794,511
36081037700,21,4058,515
36081037900,21,6961,1378
36081038100,21,6980,931
36081038301,21,0,0
36081038302,21,0,0
36081038400,27,2428,245
36081039400,27,3179,589
36081039800,27,1792,146
36081039901,21,2522,45
36081039902,21,1649,500
36081040000,27,1672,86
36081040101,21,3159,319
36081040102,21,5172,934
36081040200,27,1706,132
36081040301,21,3141,369
36081040302,21,4401,527
36081040400,27,4313,453
36081040501,21,1069,111
36081040502,21,2254,288
36081040701,21,3711,796
36081040702,21,4723,539
36081040901,21,2163,313
36081040902,21,3612,542
36081041100,21,4370,971
36081041300,21,4954,1152
36081041400,27,4882,1071
36081041500,21,4656,593
36081042400,27,2410,151
36081042600,27,129,116
36081042700,21,4784,1439
36081043200,27,1333,21
36081043400,27,1852,118
36081043701,21,2868,581
36081043702,21,8406,1296
36081043900,21,3362,782
36081044000,27,4503,490
36081044301,21,3654,1076
36081044302,21,4272,421
36081044400,27,4387,1006
36081044601,27,3835,286
36081044602,24,5295,1591
36081044800,24,2959,709
36081045000,24,2272,144
36081045200,24,837,96
36081045400,24,5252,1027
36081045500,21,13672,3382
36081045600,24,1369,194
36081045700,25,3783,450
36081045800,24,2420,130
36081045900,25,4319,254
36081046000,27,6042,466
36081046100,25,2402,182
36081046200,27,5788,487
36081046300,25,3791,320
36081046400,24,1777,178
36081046500,21,4618,433
36081046600,24,4631,680
36081046700,25,6058,182
36081046800,23,3801,556
36081046901,25,4961,444
36081046902,21,4194,514
36081047000,23,3635,704
36081047100,25,4486,457
36081047200,24,3613,167
36081047300,25,4345,242
36081047500,30,5178,570
36081047600,23,1496,98
36081047801,23,3791,710
36081047802,23,1186,70
36081047900,30,5821,883
36081048000,23,2512,118
36081048100,25,6775,495
36081048200,23,1345,115
36081048301,25,2105,404
36081048302,26,2300,186
36081048400,23,4806,155
36081048500,25,4255,436
36081048900,26,1609,251
36081049201,23,3319,170
36081049202,23,2532,456
36081049301,30,2467,456
36081049302,30,2815,433
36081049500,30,1697,133
36081049600,23,3451,327
36081049700,30,2883,140
36081049900,30,5705,542
36081050000,27,4539,493
36081050201,27,1645,179
36081050202,27,1301,180
36081050400,27,1771,139
36081050500,30,1895,187
36081050600,27,1538,126
36081050700,30,3717,322
36081050800,27,2014,239
36081051000,27,1945,370
36081051100,30,2562,227
36081051200,27,2686,160
36081051300,30,2843,413
36081051500,30,3565,86
36081051600,27,2178,282
36081051700,30,1816,125
36081051800,27,2602,137
36081052000,27,1437,81
36081052100,30,2058,185
36081052200,27,1965,243
36081052400,27,2308,332
36081052500,30,2647,206
36081052600,27,2386,126
36081052800,27,1543,107
36081053000,27,2662,45
36081053100,30,3613,243
36081053200,27,2228,117
36081053401,27,2048,50
36081053501,30,1359,187
36081053502,30,0,0
36081053601,27,2073,332
36081053800,27,1656,207
36081053901,34,4422,318
36081053902,34,170,0
36081054000,27,4209,354
36081054200,23,5823,382
36081054500,34,4061,654
36081054700,34,5137,482
36081054800,23,2635,241
36081054900,34,6059,665
36081055100,30,4462,778
36081055200,23,2941,150
36081055300,34,3114,361
36081055400,23,2786,302
36081055500,34,2378,315
36081055600,23,2580,151
36081055700,34,4289,418
36081055800,23,1999,112
36081055900,34,1149,170
36081056000,23,1788,54
36081056100,32,20,0
36081056200,23,1573,85
36081056400,23,1216,48
36081056500,30,1739,115
36081056600,23,1454,359
36081056700,30,5421,110
36081056800,27,5270,130
36081057700,30,3641,396
36081057900,30,1591,165
36081058000,27,4341,235
36081058100,30,3264,261
36081058200,27,5333,141
36081058300,30,3718,219
36081058500,30,4737,478
36081058700,30,3532,254
36081058900,30,5033,1020
36081059000,27,1401,87
36081059100,30,5735,775
36081059200,27,1624,203
36081059300,30,4274,754
36081059400,27,1871,9
36081059501,30,1929,405
36081059502,30,3125,413
36081059600,27,1531,77
36081059800,27,1850,103
36081059900,30,1231,228
36081060000,27,1118,69
36081060100,30,2512,338
36081060300,30,2042,332
36081060600,27,1222,192
36081060701,30,14,0
36081060800,27,1536,91
36081061000,27,1528,45
36081061200,27,2204,22
36081061301,30,5856,686
36081061302,30,0,0
36081061400,27,1493,81
36081061601,31,2735,137
36081061602,31,1111,39
36081061800,31,1832,56
36081061900,30,3657,362
36081062000,31,1589,100
36081062100,30,2925,169
36081062200,27,2185,107
36081062300,32,2210,304
36081062400,31,0,0
36081062500,32,2388,173
36081062600,31,3100,264
36081062700,30,2861,80
36081062900,32,3491,152
36081063000,31,1629,47
36081063200,31,2553,75
36081063301,32,1562,57
36081063302,32,1831,34
36081063500,32,2613,381
36081063700,32,3672,657
36081063800,31,3486,311
36081063900,32,3195,248
36081064101,32,2530,102
36081064102,32,0,0
36081064500,29,1993,326
36081064600,31,3518,150
36081065000,31,2897,192
36081065401,31,3794,131
36081065402,31,23,0
36081065501,30,0,0
36081065600,31,4754,342
36081065702,30,1365,94
36081065703,30,3057,141
36081065900,30,2066,51
36081066000,31,3363,129
36081066100,30,1689,30
36081066301,30,2940,45
36081066302,30,0,0
36081066401,31,2029,60
36081066402,31,2591,63
36081066403,31,5959,1306
36081066404,31,0,0
36081066501,30,4322,276
36081066701,30,2894,466
36081066900,30,1625,67
36081067100,30,2611,137
36081067700,30,1934,100
36081067900,30,4411,414
36081068000,31,5726,387
36081068200,31,1137,35
36081068300,25,4314,503
36081068700,30,4354,284
36081069000,31,4198,168
36081069300,30,3119,179
36081069400,31,3580,320
36081069500,30,2360,401
36081069701,30,4299,449
36081069702,30,4178,403
36081070300,30,2045,193
36081070700,29,2750,69
36081070900,29,3161,181
36081071100,29,6057,187
36081071303,29,5854,295
36081071304,29,6275,929
36081071305,29,5108,268
36081071306,29,7482,711
36081071600,31,0,0
36081071701,24,5438,881
36081071702,24,4287,714
36081071900,24,2911,399
36081072100,29,4742,541
36081072300,29,2165,121
36081072900,29,1462,64
36081073100,29,1658,19
36081073700,29,2233,140
36081073900,29,5450,163
36081074100,29,3123,175
36081074300,29,4412,251
36081074500,24,3814,600
36081074700,24,3540,276
36081074900,29,1412,29
36081075701,29,4877,145
36081075702,29,5698,364
36081076901,29,4672,187
36081076902,29,1168,62
36081077300,29,2136,93
36081077500,29,2201,142
36081077902,24,5062,608
36081077903,24,3416,235
36081077904,24,6201,250
36081077905,24,2696,224
36081077906,24,3641,248
36081077907,24,3344,683
36081077908,24,3023,905
36081078800,28,2065,97
36081079000,28,2690,243
36081079200,28,2623,152
36081079300,24,0,0
36081079701,20,6502,1768
36081079702,20,4026,1090
36081079900,20,3383,1322
36081080301,20,3441,243
36081080302,20,3567,300
36081080900,24,6925,943
36081081400,28,4950,518
36081081800,28,4177,412
36081083700,20,5518,460
36081083800,28,5861,399
36081084000,28,7200,581
36081084500,20,4980,1260
36081084601,28,3062,136
36081084602,28,1187,174
36081084901,20,2400,532
36081084902,20,4086,1408
36081085300,20,5742,1013
36081085500,20,7041,886
36081085700,20,4728,891
36081085900,20,5455,1146
36081086100,20,2266,619
36081086300,20,6807,1420
36081086400,28,2827,449
36081086500,20,4333,642
36081086900,20,1692,262
36081087100,20,3565,722
36081088400,32,9175,506
36081088902,20,5580,925
36081088903,19,5089,781
36081089201,32,8885,528
36081089202,32,0,0
36081090700,19,1570,284
36081091602,32,0,0
36081091603,32,3782,148
36081091604,32,0,0
36081091800,32,13,0
36081091900,19,5222,557
36081092200,32,2273,87
36081092500,19,3610,966
36081092800,32,3925,166
36081092900,19,7738,403
36081093401,32,3920,527
36081093402,32,4345,455
36081093800,32,4585,889
36081093900,19,6244,375
36081094201,32,3229,800
36081094202,31,6057,1347
36081094203,32,6623,843
36081094500,19,4081,448
36081094700,19,2324,237
36081095400,31,6609,959
36081096400,31,6904,1143
36081097202,31,3679,1318
36081097204,31,3524,327
36081097205,31,3645,1688
36081097206,31,2923,1111
36081097207,31,0,0
36081097300,19,2341,107
36081098100,19,2264,280
36081098700,19,2806,312
36081099100,19,7812,453
36081099200,31,4293,1587
36081099701,19,2862,253
36081099703,19,3966,91
36081099704,19,7432,563
36081099705,19,2698,114
36081099801,31,9070,682
36081099802,31,6489,1677
36081099900,19,0,0
36081100801,31,3042,168
36081100803,31,4071,847
36081100804,31,4848,316
36081101002,31,5332,925
36081101003,31,3882,516
36081101004,31,6699,1173
36081101700,19,6724,488
36081102900,19,3748,181
36081103201,31,7226,2429
36081103202,31,8083,1209
36081103300,19,4784,332
36081103900,19,7131,761
36081104700,19,7009,844
36081105900,19,3947,113
36081107201,32,2427,285
36081107202,31,0,0
36081108500,19,2577,76
36081109300,19,3085,373
36081109700,19,1714,33
36081109900,19,3471,157
36081111300,19,2635,277
36081112300,19,2226,258
36081112900,19,2327,85
36081113300,19,1416,54
36081113900,19,3997,472
36081114100,19,2484,83
36081114700,19,1910,95
36081115100,19,829,15
36081115500,20,2384,283
36081115700,20,3221,461
36081115900,20,4197,616
36081116100,20,3378,935
36081116301,20,4117,1074
36081116302,20,4036,1076
36081116700,20,2064,545
36081117100,19,2510,394
36081117500,19,4533,377
36081118100,19,1734,193
36081118500,20,1930,181
36081118700,20,2497,359
36081118900,20,1857,252
36081119100,20,2941,534
36081119300,19,2058,238
36081119500,19,1559,115
36081119900,20,1584,233
36081120100,20,1416,213
36081120300,20,1684,254
36081120500,20,2722,684
36081120701,20,3191,176
36081120702,20,0,0
36081121100,20,0,0
36081121500,20,4764,640
36081122300,24,3152,242
36081122702,24,6454,1894
36081122703,24,7738,400
36081122704,24,4590,236
36081124100,24,3971,419
36081124700,24,3664,378
36081125700,24,3298,478
36081126500,24,1843,117
36081126700,24,2667,811
36081127700,24,3299,24
36081128300,23,0,0
36081129102,23,4083,219
36081129103,23,4477,605
36081129104,23,4384,235
36081130100,23,4075,177
36081133300,23,4115,132
36081133900,24,1310,214
36081134100,24,3508,182
36081134701,23,5313,773
36081134702,23,4724,526
36081136700,23,6585,599
36081137700,23,7824,452
36081138501,23,4513,279
36081138502,23,42,3
36081139900,23,1656,105
36081140300,23,2729,211
36081140901,20,1252,46
36081140902,20,2647,250
36081141700,20,5017,1010
36081142900,20,4086,81
36081143500,23,2553,125
36081144100,23,3161,365
36081144700,19,3387,646
36081145101,19,1037,109
36081145102,20,2748,223
36081145900,19,2826,132
36081146300,19,2345,185
36081146700,19,2828,179
36081147100,19,3322,310
36081147900,19,4639,513
36081148300,19,2960,136
36081150701,19,3292,46
36081150702,19,3080,104
36081152901,23,6291,850
36081152902,23,6168,285
36081155101,23,2075,261
36081155103,23,4980,326
36081155104,23,3103,211
36081156700,23,1297,452
36081157101,23,8889,390
36081157102,23,2289,208
36081157901,23,5825,833
36081157902,23,4160,130
36081157903,23,4378,91
36081161700,23,5133,477
36081162100,23,6244,344
36081990100,,0,0
36085000300,49,2166,372
36085000600,49,2484,532
36085000700,49,4578,852
36085000800,49,5751,478
36085000900,49,1924,219
36085001100,49,3099,856
36085001700,49,1543,329
36085001800,50,485,0
36085002001,49,2883,284
36085002002,50,3091,174
36085002100,49,4840,1130
36085002700,49,1232,665
36085002900,49,4947,1700
36085003300,49,3748,222
36085003600,49,3188,146
36085003900,49,2007,135
36085004001,49,3077,170
36085004002,49,2395,0
36085004003,49,2961,1509
36085004004,49,4353,513
36085004700,49,2523,190
36085005000,50,4616,613
36085005901,49,3315,117
36085005902,49,0,0
36085006400,50,3475,690
36085006700,49,2702,205
36085007001,50,3180,236
36085007002,50,6425,695
36085007400,50,4998,651
36085007500,49,3872,736
36085007700,49,1646,325
36085008100,49,4204,631
36085009601,50,4507,334
36085009602,50,3343,153
36085009701,49,4288,152
36085009702,49,0,0
36085010500,49,4489,577
36085011201,50,5846,179
36085011203,50,6622,625
36085011204,50,260,46
36085011401,50,3273,616
36085011402,50,3532,193
36085012100,49,3076,51
36085012200,50,3975,32
36085012500,49,3013,388
36085012804,50,4565,309
36085012805,50,2362,228
36085012806,50,5574,545
36085013201,50,1417,72
36085013203,51,6683,509
36085013204,51,5246,419
36085013301,49,1085,590
36085013302,49,3846,999
36085013400,50,4225,1104
36085013800,50,6705,245
36085014100,49,2397,542
36085014604,51,7392,137
36085014605,51,4043,203
36085014606,50,5732,266
36085014607,51,4841,476
36085014608,51,3304,240
36085014700,49,3288,78
36085015100,50,5997,253
36085015400,51,0,0
36085015601,51,6262,182
36085015602,51,3533,352
36085015603,51,4903,483
36085016901,49,3870,177
36085017005,51,4873,212
36085017007,51,6457,491
36085017009,51,5186,133
36085017011,51,4890,415
36085017012,51,4364,311
36085017013,51,4157,196
36085017014,51,4346,125
36085017015,51,2940,43
36085017016,51,4758,160
36085017300,50,2372,330
36085017600,51,4963,191
36085017701,50,3556,60
36085017702,50,2331,146
36085018100,50,2952,217
36085018701,50,1925,187
36085018703,50,4642,441
36085018704,50,3330,229
36085018901,50,5169,112
36085018902,50,6277,1215
36085019700,50,1840,154
36085019800,51,7728,692
36085020100,50,3769,540
36085020701,49,3149,619
36085020702,49,2311,951
36085020803,51,8400,914
36085020804,51,6055,203
36085020805,51,6446,199
36085020806,51,2479,158
36085021300,49,4983,822
36085022300,49,2765,565
36085022601,51,6934,288
36085022602,51,1323,426
36085022801,51,23,0
36085022802,50,0,0
36085023100,49,5225,580
36085023900,49,3704,569
36085024401,51,5704,235
36085024402,51,5028,134
36085024700,49,2879,365
36085024800,51,4855,268
36085025100,50,6002,122
36085027301,50,4034,335
36085027302,50,4148,700
36085027702,51,6536,793
36085027704,51,4830,611
36085027705,51,6370,590
36085027706,51,3612,689
36085027900,50,1862,114
36085029102,50,3322,350
36085029104,50,6819,457
36085029105,50,4593,330
36085029106,51,3529,217
36085030301,49,5621,171
36085030302,49,6638,1235
36085031901,49,3386,1229
36085031902,49,5275,1235
36085032300,49,1105,78
36085990100,50,0,0
